/*
 Navicat Premium Data Transfer

 Source Server         : BBCall
 Source Server Type    : MySQL
 Source Server Version : 50624
 Source Host           : localhost
 Source Database       : bbcall

 Target Server Type    : MySQL
 Target Server Version : 50624
 File Encoding         : utf-8

 Date: 07/30/2015 04:32:45 AM
*/

SET NAMES utf8;
SET FOREIGN_KEY_CHECKS = 0;

-- ----------------------------
--  Table structure for `ACCESSGROUP`
-- ----------------------------
DROP TABLE IF EXISTS `ACCESSGROUP`;
CREATE TABLE `ACCESSGROUP` (
  `accessgroup_id` int(11) NOT NULL AUTO_INCREMENT,
  `accessgroup_name` varchar(100) NOT NULL DEFAULT '',
  `accessgroup_description` varchar(255) NOT NULL DEFAULT '',
  `accessgroup_default` tinyint(2) DEFAULT '0',
  PRIMARY KEY (`accessgroup_id`),
  UNIQUE KEY `accessgroup_name` (`accessgroup_name`)
) ENGINE=InnoDB AUTO_INCREMENT=7 DEFAULT CHARSET=utf8;

-- ----------------------------
--  Records of `ACCESSGROUP`
-- ----------------------------
BEGIN;
INSERT INTO `ACCESSGROUP` VALUES ('1', 'user_default', 'Default user accessgroup.', '1'), ('2', 'master_default', 'Default master accessgroup.', '1'), ('3', 'admin_default', 'Default admin accessgroup.', '1'), ('4', 'superadmin_default', 'Default superadmin accessgroup.', '1'), ('5', 'user_default2', 'default2 user access group.', '0'), ('6', 'master_access', 'new master_access.', '0');
COMMIT;

-- ----------------------------
--  Table structure for `ACCESSGROUP_ACCESSLIST`
-- ----------------------------
DROP TABLE IF EXISTS `ACCESSGROUP_ACCESSLIST`;
CREATE TABLE `ACCESSGROUP_ACCESSLIST` (
  `ag_id` int(11) NOT NULL,
  `al_id` int(11) NOT NULL,
  PRIMARY KEY (`ag_id`,`al_id`),
  KEY `FK_ACCESSGROUP_ACCESSLIST_al_id` (`al_id`),
  CONSTRAINT `FK_ACCESSGROUP_ACCESSLIST_ag_id` FOREIGN KEY (`ag_id`) REFERENCES `ACCESSGROUP` (`accessgroup_id`),
  CONSTRAINT `FK_ACCESSGROUP_ACCESSLIST_al_id` FOREIGN KEY (`al_id`) REFERENCES `ACCESSLIST` (`accesslist_id`)
) ENGINE=InnoDB DEFAULT CHARSET=latin1;

-- ----------------------------
--  Records of `ACCESSGROUP_ACCESSLIST`
-- ----------------------------
BEGIN;
INSERT INTO `ACCESSGROUP_ACCESSLIST` VALUES ('3', '1'), ('4', '1'), ('3', '2'), ('4', '2'), ('3', '3'), ('4', '3'), ('3', '4'), ('4', '4'), ('1', '5'), ('3', '5'), ('4', '5'), ('1', '6'), ('3', '6'), ('4', '6'), ('2', '7'), ('3', '7'), ('4', '7'), ('2', '8'), ('3', '8'), ('4', '8'), ('1', '9'), ('2', '9'), ('3', '9'), ('4', '9'), ('1', '10'), ('2', '10'), ('3', '10'), ('4', '10'), ('1', '11'), ('2', '11'), ('3', '11'), ('4', '11'), ('1', '12'), ('2', '12'), ('3', '12'), ('4', '12'), ('1', '13'), ('2', '13'), ('3', '13'), ('4', '13'), ('3', '14'), ('4', '14'), ('3', '15'), ('4', '15'), ('3', '16'), ('4', '16'), ('3', '17'), ('4', '17'), ('3', '18'), ('4', '18'), ('3', '19'), ('4', '19'), ('3', '20'), ('4', '20'), ('1', '21'), ('2', '21'), ('3', '21'), ('4', '21'), ('1', '22'), ('2', '22'), ('3', '22'), ('4', '22'), ('1', '23'), ('3', '23'), ('4', '23'), ('1', '24'), ('3', '24'), ('4', '24'), ('3', '25'), ('4', '25'), ('3', '26'), ('4', '26'), ('3', '27'), ('4', '27'), ('3', '28'), ('4', '28'), ('3', '29'), ('4', '29'), ('3', '30'), ('4', '30'), ('3', '31'), ('4', '31'), ('3', '32'), ('4', '32'), ('3', '33'), ('4', '33'), ('3', '34'), ('4', '34'), ('3', '35'), ('4', '35'), ('3', '36'), ('4', '36'), ('1', '37'), ('2', '37'), ('3', '37'), ('4', '37'), ('1', '38'), ('2', '38'), ('3', '38'), ('4', '38'), ('3', '39'), ('4', '39'), ('1', '40'), ('2', '40'), ('3', '40'), ('4', '40'), ('1', '41'), ('2', '41'), ('3', '41'), ('4', '41'), ('1', '42'), ('2', '42'), ('3', '42'), ('4', '42'), ('1', '43'), ('2', '43'), ('3', '43'), ('4', '43'), ('3', '44'), ('4', '44'), ('3', '45'), ('4', '45'), ('3', '46'), ('4', '46'), ('3', '47'), ('4', '47'), ('3', '48'), ('4', '48'), ('3', '49'), ('4', '49'), ('3', '50'), ('4', '50'), ('3', '51'), ('4', '51'), ('3', '52'), ('4', '52'), ('3', '53'), ('4', '53'), ('3', '54'), ('4', '54'), ('3', '55'), ('4', '55'), ('3', '56'), ('4', '56'), ('3', '57'), ('4', '57'), ('3', '58'), ('4', '58'), ('3', '59'), ('4', '59'), ('3', '60'), ('4', '60'), ('3', '61'), ('4', '61'), ('3', '62'), ('4', '62'), ('3', '63'), ('4', '63'), ('3', '64'), ('4', '64'), ('1', '65'), ('2', '65'), ('3', '65'), ('4', '65'), ('1', '66'), ('2', '66'), ('3', '66'), ('4', '66'), ('1', '67'), ('2', '67'), ('3', '67'), ('4', '67'), ('1', '68'), ('2', '68'), ('3', '68'), ('4', '68'), ('3', '69'), ('4', '69'), ('3', '70'), ('4', '70'), ('3', '71'), ('4', '71'), ('1', '72'), ('2', '72'), ('3', '72'), ('4', '72'), ('1', '73'), ('2', '73'), ('3', '73'), ('4', '73'), ('3', '74'), ('4', '74'), ('3', '75'), ('4', '75'), ('3', '76'), ('4', '76'), ('3', '77'), ('4', '77'), ('3', '78'), ('4', '78'), ('1', '79'), ('2', '79'), ('3', '79'), ('4', '79'), ('1', '80'), ('2', '80'), ('3', '80'), ('4', '80'), ('1', '81'), ('2', '81'), ('3', '81'), ('4', '81'), ('1', '82'), ('2', '82'), ('3', '82'), ('4', '82'), ('3', '83'), ('4', '83'), ('3', '84'), ('4', '84'), ('3', '85'), ('4', '85'), ('3', '86'), ('4', '86'), ('3', '87'), ('4', '87'), ('3', '88'), ('4', '88'), ('3', '89'), ('4', '89'), ('3', '90'), ('4', '90'), ('1', '91'), ('2', '91'), ('3', '91'), ('4', '91'), ('1', '92'), ('2', '92'), ('3', '92'), ('4', '92'), ('1', '93'), ('2', '93'), ('3', '93'), ('4', '93'), ('1', '94'), ('2', '94'), ('3', '94'), ('4', '94'), ('1', '95'), ('2', '95'), ('3', '95'), ('4', '95'), ('1', '96'), ('2', '96'), ('3', '96'), ('4', '96'), ('1', '97'), ('2', '97'), ('3', '97'), ('4', '97'), ('1', '98'), ('2', '98'), ('3', '98'), ('4', '98'), ('1', '99'), ('2', '99'), ('3', '99'), ('4', '99'), ('1', '100'), ('2', '100'), ('3', '100'), ('4', '100'), ('1', '101'), ('2', '101'), ('3', '101'), ('4', '101'), ('1', '102'), ('2', '102'), ('3', '102'), ('4', '102'), ('1', '103'), ('2', '103'), ('3', '103'), ('4', '103'), ('1', '104'), ('2', '104'), ('3', '104'), ('4', '104'), ('1', '105'), ('2', '105'), ('3', '105'), ('4', '105'), ('3', '106'), ('4', '106'), ('3', '107'), ('4', '107'), ('1', '108'), ('2', '108'), ('3', '108'), ('4', '108'), ('1', '109'), ('2', '109'), ('3', '109'), ('4', '109'), ('1', '110'), ('2', '110'), ('3', '110'), ('4', '110'), ('1', '111'), ('2', '111'), ('3', '111'), ('4', '111'), ('1', '112'), ('2', '112'), ('3', '112'), ('4', '112'), ('1', '113'), ('2', '113'), ('3', '113'), ('4', '113'), ('1', '114'), ('2', '114'), ('3', '114'), ('4', '114'), ('1', '115'), ('2', '115'), ('3', '115'), ('4', '115'), ('1', '116'), ('2', '116'), ('3', '116'), ('4', '116'), ('1', '117'), ('2', '117'), ('3', '117'), ('4', '117'), ('1', '118'), ('2', '118'), ('3', '118'), ('4', '118'), ('1', '119'), ('2', '119'), ('3', '119'), ('4', '119'), ('1', '120'), ('2', '120'), ('3', '120'), ('4', '120'), ('1', '121'), ('2', '121'), ('3', '121'), ('4', '121'), ('1', '122'), ('2', '122'), ('3', '122'), ('4', '122'), ('1', '123'), ('2', '123'), ('3', '123'), ('4', '123'), ('1', '124'), ('2', '124'), ('3', '124'), ('4', '124'), ('1', '125'), ('2', '125'), ('3', '125'), ('4', '125'), ('1', '126'), ('2', '126'), ('3', '126'), ('4', '126'), ('1', '127'), ('2', '127'), ('3', '127'), ('4', '127'), ('1', '128'), ('2', '128'), ('3', '128'), ('4', '128'), ('1', '129'), ('2', '129'), ('3', '129'), ('4', '129'), ('1', '130'), ('2', '130'), ('3', '130'), ('4', '130'), ('1', '131'), ('2', '131'), ('3', '131'), ('4', '131'), ('1', '132'), ('2', '132'), ('3', '132'), ('4', '132'), ('1', '133'), ('2', '133'), ('3', '133'), ('4', '133'), ('1', '134'), ('2', '134'), ('3', '134'), ('4', '134'), ('1', '135'), ('2', '135'), ('3', '135'), ('4', '135'), ('1', '136'), ('2', '136'), ('3', '136'), ('4', '136'), ('1', '137'), ('2', '137'), ('3', '137'), ('4', '137'), ('1', '138'), ('2', '138'), ('3', '138'), ('4', '138'), ('1', '139'), ('2', '139'), ('3', '139'), ('4', '139'), ('1', '140'), ('2', '140'), ('3', '140'), ('4', '140'), ('1', '141'), ('2', '141'), ('3', '141'), ('4', '141'), ('1', '142'), ('2', '142'), ('3', '142'), ('4', '142'), ('1', '143'), ('2', '143'), ('3', '143'), ('4', '143'), ('1', '144'), ('2', '144'), ('3', '144'), ('4', '144'), ('1', '145'), ('2', '145'), ('3', '145'), ('4', '145'), ('1', '146'), ('2', '146'), ('3', '146'), ('4', '146'), ('1', '147'), ('2', '147'), ('3', '147'), ('4', '147'), ('1', '148'), ('2', '148'), ('3', '148'), ('4', '148'), ('1', '149'), ('2', '149'), ('3', '149'), ('4', '149'), ('1', '150'), ('2', '150'), ('3', '150'), ('4', '150'), ('1', '151'), ('2', '151'), ('3', '151'), ('4', '151'), ('1', '152'), ('2', '152'), ('3', '152'), ('4', '152'), ('1', '153'), ('2', '153'), ('3', '153'), ('4', '153'), ('1', '154'), ('2', '154'), ('3', '154'), ('4', '154'), ('1', '155'), ('2', '155'), ('3', '155'), ('4', '155'), ('1', '156'), ('2', '156'), ('3', '156'), ('4', '156'), ('1', '157'), ('2', '157'), ('3', '157'), ('4', '157'), ('1', '158'), ('2', '158'), ('3', '158'), ('4', '158'), ('1', '159'), ('2', '159'), ('3', '159'), ('4', '159'), ('1', '160'), ('2', '160'), ('3', '160'), ('4', '160'), ('1', '161'), ('2', '161'), ('3', '161'), ('4', '161'), ('1', '162'), ('2', '162'), ('3', '162'), ('4', '162'), ('1', '163'), ('2', '163'), ('3', '163'), ('4', '163'), ('1', '164'), ('2', '164'), ('3', '164'), ('4', '164'), ('1', '165'), ('2', '165'), ('3', '165'), ('4', '165'), ('1', '166'), ('2', '166'), ('3', '166'), ('4', '166'), ('1', '167'), ('2', '167'), ('3', '167'), ('4', '167'), ('1', '168'), ('2', '168'), ('3', '168'), ('4', '168'), ('1', '169'), ('2', '169'), ('3', '169'), ('4', '169'), ('1', '170'), ('2', '170'), ('3', '170'), ('4', '170'), ('1', '171'), ('2', '171'), ('3', '171'), ('4', '171'), ('1', '172'), ('2', '172'), ('3', '172'), ('4', '172');
COMMIT;

-- ----------------------------
--  Table structure for `ACCESSLIST`
-- ----------------------------
DROP TABLE IF EXISTS `ACCESSLIST`;
CREATE TABLE `ACCESSLIST` (
  `accesslist_id` int(11) NOT NULL AUTO_INCREMENT,
  `accesslist_name` varchar(100) NOT NULL,
  `accesslist_description` varchar(255) NOT NULL,
  PRIMARY KEY (`accesslist_id`),
  UNIQUE KEY `accesslist_name` (`accesslist_name`)
) ENGINE=InnoDB AUTO_INCREMENT=173 DEFAULT CHARSET=utf8;

-- ----------------------------
--  Records of `ACCESSLIST`
-- ----------------------------
BEGIN;
INSERT INTO `ACCESSLIST` VALUES ('1', 'user_login', '[Web] Login access.'), ('2', 'user_loginJson', '[Apps] Mobile Apps Login access. If you remove this access, ALL account under this AccessGroup will NOT be able to login via mobile apps.'), ('3', 'user_loginByAdmin', '[Web] Admin Login access.'), ('4', 'user_loginByAdminJson', '[Apps] Apps Admin Login access.'), ('5', 'user_loginByUser', '[Web] User Login access.'), ('6', 'user_loginByUserJson', '[Apps] Apps User Login access.'), ('7', 'user_loginByMaster', '[Web] Master Login access.'), ('8', 'user_loginByMasterJson', '[Apps] Apps Master Login access.'), ('9', 'user_logout', '[Web] Logout access.'), ('10', 'user_register', '[Web] Register access.'), ('11', 'user_registerJson', '[Apps] Register access.'), ('12', 'user_update', '[Web] Update information access.'), ('13', 'user_updateJson', '[Apps] Update information access.'), ('14', 'user_updateUserById', '[Web] Update other user information by User ID. Normally this is Admin access.'), ('15', 'user_updateStatus', '[Web] Update other user status by User ID. Normally this is Admin access.'), ('16', 'user_updateStatusJson', '[Apps] Update other user status by User ID. Normally this is Admin access.'), ('17', 'user_getUserSkillByUserId', '[Web] Get user pending skill list by user ID. Normally this is Admin access.'), ('18', 'user_getUserSkillByUserIdJson', '[Apps] Get user pending skill list by user ID. Normally this is Admin access.'), ('19', 'user_getAllUserSkill', '[Web] Get ALL user pending skill list. Normally this is Admin access.'), ('20', 'user_getAllUserSkillJson', '[Web] Get ALL user pending skill list. Normally this is Admin access.'), ('21', 'user_addUserSkill', '[Web] Add user skill with cert to back-end for verification.'), ('22', 'user_addUserSkillJson', '[Apps] Add user skill with cert to back-end for verification.'), ('23', 'user_updateUserSkill', '[Web] Update existing user skill with new cert.'), ('24', 'user_updateUserSkillJson', '[Apps] Update existing user skill with new cert.'), ('25', 'user_verifyUserSkill', '[Web] Update the skill status from back-end. Normally this is Admin access.'), ('26', 'user_verifyUserSkillJson', 'Update the skill status from back-end. Normally this is Admin access.'), ('27', 'user_verifyUserSkillBySkillId', '[Web] Update the skill status by skill ID from back-end. Normally this is Admin access.'), ('28', 'user_verifyUserSkillBySkillIdJson', 'Update the skill status by skill ID from back-end. Normally this is Admin access.'), ('29', 'user_deleteUserSkillBySkillId', '[Web] Delete existing skill from back-end by skill ID. Normally this is Admin access.'), ('30', 'user_deleteUserSkillBySkillIdJson', 'Delete existing skill from back-end by skill ID. Normally this is Admin access.'), ('31', 'user_deleteUserSkillByUserId', '[Web] Delete ALL skill under user ID from back-end. Normally this is Admin access.'), ('32', 'user_deleteUserSkillByUserIdJson', 'Delete ALL skill under user ID from back-end. Normally this is Admin access.'), ('33', 'user_checkUserListWhereOrderBy', '[Web] Check user list with \"order By\" filter from back-end.Normally this is Admin access.'), ('34', 'user_checkUserListWhereOrderByJson', 'Check user list with \"order By\" filter from back-end.Normally this is Admin access.'), ('35', 'user_checkUserList', '[Web] Check ALL user list from back-end. Normally this is Admin access.'), ('36', 'user_checkUserListJson', 'Check ALL user list from back-end. Normally this is Admin access.'), ('37', 'user_getUserById', '[Web] Get user information by user ID. Normally this is Admin access.'), ('38', 'user_getUserByIdJson', 'Get user information by user ID. Normally this is Admin access.'), ('39', 'user_editUser', 'Allow visit \"editUser\" page. Normally this is Admin access.'), ('40', 'user_checkUserName', '[Web] check username is exist or not.'), ('41', 'user_checkUserNameJson', '[Apps] check username is exist or not.'), ('42', 'user_checkToken', '[Web] Check token is valid or not.'), ('43', 'user_checkTokenJson', '[Apps] Check token is valid or not.'), ('44', 'user_deleteUserById', '[Web] Delete user account by user ID. Normally this is Admin access.'), ('45', 'user_deleteUserByIdJson', 'Delete user account by user ID. Normally this is Admin access.'), ('46', 'access_checkAccessGroupByName', '[Web] Check access group details by access group name.'), ('47', 'access_checkAccessGroupByNameJson', 'Check access group details by access group name.'), ('48', 'access_addAccessGroup', '[Web] Add a new access group.'), ('49', 'access_addAccessGroupJson', 'Add a new access group.'), ('50', 'access_showAddAccessGroupPage', '[Web] Allow to visit \"Add access group\" page. Normally this is Admin access.'), ('51', 'access_updateAccessByAccessGroup', '[Web] Update access list under access group. Normally this is Admin access.'), ('52', 'access_updateAccessByAccessGroupJson', 'Update access list under access group. Normally this is Admin access.'), ('53', 'access_getAccessNameList', '[Web] Get access list with access name only.'), ('54', 'access_getAccessNameListJson', 'Get access list with access name only.'), ('55', 'access_getAccessList', '[Web] Get access list with ALL informations.'), ('56', 'access_getAccessListJson', 'Get access list with ALL informations.'), ('57', 'access_getAccessGroup', '[Web] Get access group list with ALL informations.'), ('58', 'access_getAccessGroupJson', 'Get access group list with ALL informations.'), ('59', 'access_getAccessByAccessGroup', '[Web] Get access list which under access group.'), ('60', 'access_getAccessByAccessGroupJson', 'Get access list which under access group.'), ('61', 'access_showAccessGroupDetailsPage', '[Web] Allow to visit \"AccessGroup details\" page.'), ('62', 'access_showEditAccessGroupPage', '[Web] Allow to visit \"Edit AccessGroup\" page.'), ('63', 'access_deleteAccessGroupById', '[Web] Delete access group by accessgroup ID. Normally this is Admin access.'), ('64', 'access_deleteAccessGroupByIdJson', 'Delete access group by accessgroup ID. Normally this is Admin access.'), ('65', 'address_checkChildAdsList', '[Web] Check child address list with address code.'), ('66', 'address_checkChildAdsListJson', '[Apps] Check child address list with address code.'), ('67', 'address_checkAdsList', '[Web] Check address list from server.'), ('68', 'address_checkAdsListJson', '[Apps] Check address list from server.'), ('69', 'advert_addAdvert', '[Web] Add advertisement.'), ('70', 'advert_addAdvertJson', '[Apps] Add advertisement.'), ('71', 'advert_showAddAdvertPage', '[Web] Allow to visit \"Add advert\" page.'), ('72', 'advert_showAdvert', '[Web] Show advertisement details information.'), ('73', 'advert_showAdvertJson', '[Apps] Show advertisement details information.'), ('74', 'advert_editAdvertPage', '[Web] Allow to visit \"Edit advert\" page.'), ('75', 'advert_showAllAdvertList', '[Web] Show ALL advertisement details information. Normally this is Admin access.'), ('76', 'advert_showAllAdvertListJson', 'Show ALL advertisement details information. Normally this is Admin access.'), ('77', 'advert_showAllAdvertSummaryList', '[Web] Show ALL advertisement details information without contents. Normally this is Admin access.'), ('78', 'advert_showAllAdvertSummaryListJson', 'Show ALL advertisement details information without contents. Normally this is Admin access.'), ('79', 'advert_showActiveAdvertList', '[Web] Show ALL advertisement details information with active status.'), ('80', 'advert_showActiveAdvertListJson', '[Apps] Show ALL advertisement details information with active status.'), ('81', 'advert_showActiveAdvertSummaryList', '[Web] Show ALL advertisement details information with active status but without contents.'), ('82', 'advert_showActiveAdvertSummaryListJson', '[Apps] Show ALL advertisement details information with active status but without contents.'), ('83', 'advert_deleteAdvert', '[Web] Delete one advertisement. Normally this is Admin access.'), ('84', 'advert_deleteAdvertJson', 'Delete one advertisement. Normally this is Admin access.'), ('85', 'advert_updateAdvertById', '[Web] Update advertisement details information by advertisement ID. Normally this is Admin access.'), ('86', 'advert_updateAdvertByIdJson', 'Update advertisement details information by advertisement ID. Normally this is Admin access.'), ('87', 'advert_updateAdvertIsTop', '[Web] Set one advertisement be \"Top\" of the list. Normally this is Admin access.'), ('88', 'advert_updateAdvertIsTopJson', 'Set one advertisement be \"Top\" of the list. Normally this is Admin access.'), ('89', 'advert_updateAdvertStatus', '[Web] Update advertisement status. Normally this is Admin access.'), ('90', 'advert_updateAdvertStatusJson', 'Update advertisement status. Normally this is Admin access.'), ('91', 'blacklist_insert', ''), ('92', 'blacklist_insertJson', ''), ('93', 'blacklist_delete', ''), ('94', 'blacklist_deleteJson', ''), ('95', 'blacklist_getBlacklist', ''), ('96', 'blacklist_getBlacklistJson', ''), ('97', 'blacklist_getBlacklistById', ''), ('98', 'blacklist_getBlacklistByIdJson', ''), ('99', 'upload_userUpload', '[Web] Upload user photo access.'), ('100', 'upload_userUploadJson', '[Apps] Upload user photo access.'), ('101', 'upload_userUploadById', '[Web] Upload user photo by user ID.'), ('102', 'upload_skillUpload', '[Web] Upload skill certificate access.'), ('103', 'upload_skillUploadJson', '[Apps] Upload skill certificate access.'), ('104', 'upload_orderUpload', '[Web] Upload order pictures access.'), ('105', 'upload_orderUploadJson', '[Apps] Upload order pictures access.'), ('106', 'upload_advertUpload', '[Web] Upload advertisement pictures access.'), ('107', 'upload_advertUploadJson', '[Apps] Upload advertisement pictures access.'), ('108', 'orderlist_add', ''), ('109', 'orderlist_addJson', ''), ('110', 'orderlist_update', ''), ('111', 'orderlist_updateJson', ''), ('112', 'orderlist_deal', ''), ('113', 'orderlist_dealJson', ''), ('114', 'orderlist_complete', ''), ('115', 'orderlist_completeJson', ''), ('116', 'orderlist_unorderlist', ''), ('117', 'orderlist_unorderlistJson', ''), ('118', 'orderlist_getorderlist', ''), ('119', 'orderlist_getorderlistJson', ''), ('120', 'orderlist_selectunorderlist', ''), ('121', 'orderlist_selectunorderlistJson', ''), ('122', 'orderlist_selectproorderlist', ''), ('123', 'orderlist_selectproorderlistJson', ''), ('124', 'orderlist_selectcomorderlist', ''), ('125', 'orderlist_selectcomorderlistJson', ''), ('126', 'orderlist_select', ''), ('127', 'orderlist_selectJson', ''), ('128', 'orderlist_selectother', ''), ('129', 'orderlist_selectotherJson', ''), ('130', 'orderlist_getwashorderlistasc', ''), ('131', 'orderlist_getwashorderlistascJson', ''), ('132', 'orderlist_getwashorderlist', ''), ('133', 'orderlist_getwashorderlistJson', ''), ('134', 'orderlist_selectwashorderlist', ''), ('135', 'orderlist_selectwashorderlistJson', ''), ('136', 'orderlist_selectorderlist', ''), ('137', 'orderlist_selectorderlistJson', ''), ('138', 'orderlist_delete', ''), ('139', 'orderlist_deleteJson', ''), ('140', 'orderlist_change', ''), ('141', 'orderlist_changeJson', ''), ('142', 'preorder_add', ''), ('143', 'preorder_addJson', ''), ('144', 'preorder_showbyid', ''), ('145', 'preorder_showbyidJson', ''), ('146', 'preorder_showbyaccount', ''), ('147', 'preorder_showbyaccountJson', ''), ('148', 'preorder_delete', ''), ('149', 'preorder_deleteJson', ''), ('150', 'referdoc_add', ''), ('151', 'referdoc_addJson', ''), ('152', 'referdoc_update', ''), ('153', 'referdoc_updateJson', ''), ('154', 'referdoc_delete', ''), ('155', 'referdoc_deleteJson', ''), ('156', 'referdoc_select', ''), ('157', 'referdoc_selectJson', ''), ('158', 'referdoc_getlist', ''), ('159', 'referdoc_getlistJson', ''), ('160', 'referdoc_getparentlist', ''), ('161', 'referdoc_getparentlistJson', ''), ('162', 'referdoc_getchildlist', ''), ('163', 'referdoc_getchildlistJson', ''), ('164', 'referdoc_getsubskill', ''), ('165', 'referdoc_getsubskillJson', ''), ('166', 'referdoc_getchildlist2', ''), ('167', 'referdoc_getchildlist2Json', ''), ('168', 'referdoc_chkreferdoctype', ''), ('169', 'referdoc_chkreferdoctypeJson', ''), ('170', 'referdoc_referprice', ''), ('171', 'referdoc_referpriceJson', ''), ('172', 'user_homePage', '[Web] Go back Home Page.');
COMMIT;

-- ----------------------------
--  Table structure for `ADDRESSLIST`
-- ----------------------------
DROP TABLE IF EXISTS `ADDRESSLIST`;
CREATE TABLE `ADDRESSLIST` (
  `areano` mediumint(6) unsigned NOT NULL,
  `areaname` varchar(45) DEFAULT NULL,
  `parentno` mediumint(6) unsigned DEFAULT NULL,
  `areacode` varchar(5) DEFAULT NULL,
  `arealevel` tinyint(1) DEFAULT NULL,
  `typename` char(3) DEFAULT NULL,
  PRIMARY KEY (`areano`)
) ENGINE=InnoDB DEFAULT CHARSET=utf8;

-- ----------------------------
--  Records of `ADDRESSLIST`
-- ----------------------------
BEGIN;
INSERT INTO `ADDRESSLIST` VALUES ('110000', '北京市', '0', '010', '1', '市'), ('110101', '东城区', '110000', '010', '2', '区'), ('110102', '西城区', '110000', '010', '2', '区'), ('110105', '朝阳区', '110000', '010', '2', '区'), ('110106', '丰台区', '110000', '010', '2', '区'), ('110107', '石景山区', '110000', '010', '2', '区'), ('110108', '海淀区', '110000', '010', '2', '区'), ('110109', '门头沟区', '110000', '010', '2', '区'), ('110111', '房山区', '110000', '010', '2', '区'), ('110112', '通州区', '110000', '010', '2', '区'), ('110113', '顺义区', '110000', '010', '2', '区'), ('110114', '昌平区', '110000', '010', '2', '区'), ('110115', '大兴区', '110000', '010', '2', '区'), ('110116', '怀柔区', '110000', '010', '2', '区'), ('110117', '平谷区', '110000', '010', '2', '区'), ('110228', '密云县', '110000', '010', '2', '区'), ('110229', '延庆县', '110000', '010', '2', '区'), ('120000', '天津市', '0', '022', '1', '市'), ('120101', '和平区', '120000', '022', '2', '区'), ('120102', '河东区', '120000', '022', '2', '区'), ('120103', '河西区', '120000', '022', '2', '区'), ('120104', '南开区', '120000', '022', '2', '区'), ('120105', '河北区', '120000', '022', '2', '区'), ('120106', '红桥区', '120000', '022', '2', '区'), ('120110', '东丽区', '120000', '022', '2', '区'), ('120111', '西青区', '120000', '022', '2', '区'), ('120112', '津南区', '120000', '022', '2', '区'), ('120113', '北辰区', '120000', '022', '2', '区'), ('120114', '武清区', '120000', '022', '2', '区'), ('120115', '宝坻区', '120000', '022', '2', '区'), ('120116', '滨海新区', '120000', '022', '2', '区'), ('120221', '宁河县', '120000', '022', '2', '区'), ('120223', '静海县', '120000', '022', '2', '区'), ('120225', '蓟县', '120000', '022', '2', '区'), ('130000', '河北省', '0', '', '1', '省'), ('130100', '石家庄市', '130000', '0311', '2', '市'), ('130102', '长安区', '130100', '0311', '3', '区'), ('130103', '桥东区', '130100', '0311', '3', '区'), ('130104', '桥西区', '130100', '0311', '3', '区'), ('130105', '新华区', '130100', '0311', '3', '区'), ('130107', '井陉矿区', '130100', '0311', '3', '区'), ('130108', '裕华区', '130100', '0311', '3', '区'), ('130121', '井陉县', '130100', '0311', '3', '区'), ('130123', '正定县', '130100', '0311', '3', '区'), ('130124', '栾城县', '130100', '0311', '3', '区'), ('130125', '行唐县', '130100', '0311', '3', '区'), ('130126', '灵寿县', '130100', '0311', '3', '区'), ('130127', '高邑县', '130100', '0311', '3', '区'), ('130128', '深泽县', '130100', '0311', '3', '区'), ('130129', '赞皇县', '130100', '0311', '3', '区'), ('130130', '无极县', '130100', '0311', '3', '区'), ('130131', '平山县', '130100', '0311', '3', '区'), ('130132', '元氏县', '130100', '0311', '3', '区'), ('130133', '赵县', '130100', '0311', '3', '区'), ('130181', '辛集市', '130100', '0311', '3', '区'), ('130182', '藁城市', '130100', '0311', '3', '区'), ('130183', '晋州市', '130100', '0311', '3', '区'), ('130184', '新乐市', '130100', '0311', '3', '区'), ('130185', '鹿泉市', '130100', '0311', '3', '区'), ('130200', '唐山市', '130000', '0315', '2', '市'), ('130202', '路南区', '130200', '0315', '3', '区'), ('130203', '路北区', '130200', '0315', '3', '区'), ('130204', '古冶区', '130200', '0315', '3', '区'), ('130205', '开平区', '130200', '0315', '3', '区'), ('130207', '丰南区', '130200', '0315', '3', '区'), ('130208', '丰润区', '130200', '0315', '3', '区'), ('130223', '滦县', '130200', '0315', '3', '区'), ('130224', '滦南县', '130200', '0315', '3', '区'), ('130225', '乐亭县', '130200', '0315', '3', '区'), ('130227', '迁西县', '130200', '0315', '3', '区'), ('130229', '玉田县', '130200', '0315', '3', '区'), ('130230', '曹妃甸区', '130200', '0315', '3', '区'), ('130281', '遵化市', '130200', '0315', '3', '区'), ('130283', '迁安市', '130200', '0315', '3', '区'), ('130300', '秦皇岛市', '130000', '0335', '2', '市'), ('130302', '海港区', '130300', '0335', '3', '区'), ('130303', '山海关区', '130300', '0335', '3', '区'), ('130304', '北戴河区', '130300', '0335', '3', '区'), ('130321', '青龙满族自治县', '130300', '0335', '3', '区'), ('130322', '昌黎县', '130300', '0335', '3', '区'), ('130323', '抚宁县', '130300', '0335', '3', '区'), ('130324', '卢龙县', '130300', '0335', '3', '区'), ('130400', '邯郸市', '130000', '0310', '2', '市'), ('130402', '邯山区', '130400', '0310', '3', '区'), ('130403', '丛台区', '130400', '0310', '3', '区'), ('130404', '复兴区', '130400', '0310', '3', '区'), ('130406', '峰峰矿区', '130400', '0310', '3', '区'), ('130421', '邯郸县', '130400', '0310', '3', '区'), ('130423', '临漳县', '130400', '0310', '3', '区'), ('130424', '成安县', '130400', '0310', '3', '区'), ('130425', '大名县', '130400', '0310', '3', '区'), ('130426', '涉县', '130400', '0310', '3', '区'), ('130427', '磁县', '130400', '0310', '3', '区'), ('130428', '肥乡县', '130400', '0310', '3', '区'), ('130429', '永年县', '130400', '0310', '3', '区'), ('130430', '邱县', '130400', '0310', '3', '区'), ('130431', '鸡泽县', '130400', '0310', '3', '区'), ('130432', '广平县', '130400', '0310', '3', '区'), ('130433', '馆陶县', '130400', '0310', '3', '区'), ('130434', '魏县', '130400', '0310', '3', '区'), ('130435', '曲周县', '130400', '0310', '3', '区'), ('130481', '武安市', '130400', '0310', '3', '区'), ('130500', '邢台市', '130000', '0319', '2', '市'), ('130502', '桥东区', '130500', '0319', '3', '区'), ('130503', '桥西区', '130500', '0319', '3', '区'), ('130521', '邢台县', '130500', '0319', '3', '区'), ('130522', '临城县', '130500', '0319', '3', '区'), ('130523', '内丘县', '130500', '0319', '3', '区'), ('130524', '柏乡县', '130500', '0319', '3', '区'), ('130525', '隆尧县', '130500', '0319', '3', '区'), ('130526', '任县', '130500', '0319', '3', '区'), ('130527', '南和县', '130500', '0319', '3', '区'), ('130528', '宁晋县', '130500', '0319', '3', '区'), ('130529', '巨鹿县', '130500', '0319', '3', '区'), ('130530', '新河县', '130500', '0319', '3', '区'), ('130531', '广宗县', '130500', '0319', '3', '区'), ('130532', '平乡县', '130500', '0319', '3', '区'), ('130533', '威县', '130500', '0319', '3', '区'), ('130534', '清河县', '130500', '0319', '3', '区'), ('130535', '临西县', '130500', '0319', '3', '区'), ('130581', '南宫市', '130500', '0319', '3', '区'), ('130582', '沙河市', '130500', '0319', '3', '区'), ('130600', '保定市', '130000', '0312', '2', '市'), ('130602', '新市区', '130600', '0312', '3', '区'), ('130603', '北市区', '130600', '0312', '3', '区'), ('130604', '南市区', '130600', '0312', '3', '区'), ('130621', '满城县', '130600', '0312', '3', '区'), ('130622', '清苑县', '130600', '0312', '3', '区'), ('130623', '涞水县', '130600', '0312', '3', '区'), ('130624', '阜平县', '130600', '0312', '3', '区'), ('130625', '徐水县', '130600', '0312', '3', '区'), ('130626', '定兴县', '130600', '0312', '3', '区'), ('130627', '唐县', '130600', '0312', '3', '区'), ('130628', '高阳县', '130600', '0312', '3', '区'), ('130629', '容城县', '130600', '0312', '3', '区'), ('130630', '涞源县', '130600', '0312', '3', '区'), ('130631', '望都县', '130600', '0312', '3', '区'), ('130632', '安新县', '130600', '0312', '3', '区'), ('130633', '易县', '130600', '0312', '3', '区'), ('130634', '曲阳县', '130600', '0312', '3', '区'), ('130635', '蠡县', '130600', '0312', '3', '区'), ('130636', '顺平县', '130600', '0312', '3', '区'), ('130637', '博野县', '130600', '0312', '3', '区'), ('130638', '雄县', '130600', '0312', '3', '区'), ('130681', '涿州市', '130600', '0312', '3', '区'), ('130682', '定州市', '130600', '0312', '3', '区'), ('130683', '安国市', '130600', '0312', '3', '区'), ('130684', '高碑店市', '130600', '0312', '3', '区'), ('130700', '张家口市', '130000', '0313', '2', '市'), ('130702', '桥东区', '130700', '0313', '3', '区'), ('130703', '桥西区', '130700', '0313', '3', '区'), ('130705', '宣化区', '130700', '0313', '3', '区'), ('130706', '下花园区', '130700', '0313', '3', '区'), ('130721', '宣化县', '130700', '0313', '3', '区'), ('130722', '张北县', '130700', '0313', '3', '区'), ('130723', '康保县', '130700', '0313', '3', '区'), ('130724', '沽源县', '130700', '0313', '3', '区'), ('130725', '尚义县', '130700', '0313', '3', '区'), ('130726', '蔚县', '130700', '0313', '3', '区'), ('130727', '阳原县', '130700', '0313', '3', '区'), ('130728', '怀安县', '130700', '0313', '3', '区'), ('130729', '万全县', '130700', '0313', '3', '区'), ('130730', '怀来县', '130700', '0313', '3', '区'), ('130731', '涿鹿县', '130700', '0313', '3', '区'), ('130732', '赤城县', '130700', '0313', '3', '区'), ('130733', '崇礼县', '130700', '0313', '3', '区'), ('130800', '承德市', '130000', '0314', '2', '市'), ('130802', '双桥区', '130800', '0314', '3', '区'), ('130803', '双滦区', '130800', '0314', '3', '区'), ('130804', '鹰手营子矿区', '130800', '0314', '3', '区'), ('130821', '承德县', '130800', '0314', '3', '区'), ('130822', '兴隆县', '130800', '0314', '3', '区'), ('130823', '平泉县', '130800', '0314', '3', '区'), ('130824', '滦平县', '130800', '0314', '3', '区'), ('130825', '隆化县', '130800', '0314', '3', '区'), ('130826', '丰宁满族自治县', '130800', '0314', '3', '区'), ('130827', '宽城满族自治县', '130800', '0314', '3', '区'), ('130828', '围场满族蒙古族自治县', '130800', '0314', '3', '区'), ('130900', '沧州市', '130000', '0317', '2', '市'), ('130902', '新华区', '130900', '0317', '3', '区'), ('130903', '运河区', '130900', '0317', '3', '区'), ('130921', '沧县', '130900', '0317', '3', '区'), ('130922', '青县', '130900', '0317', '3', '区'), ('130923', '东光县', '130900', '0317', '3', '区'), ('130924', '海兴县', '130900', '0317', '3', '区'), ('130925', '盐山县', '130900', '0317', '3', '区'), ('130926', '肃宁县', '130900', '0317', '3', '区'), ('130927', '南皮县', '130900', '0317', '3', '区'), ('130928', '吴桥县', '130900', '0317', '3', '区'), ('130929', '献县', '130900', '0317', '3', '区'), ('130930', '孟村回族自治县', '130900', '0317', '3', '区'), ('130981', '泊头市', '130900', '0317', '3', '区'), ('130982', '任丘市', '130900', '0317', '3', '区'), ('130983', '黄骅市', '130900', '0317', '3', '区'), ('130984', '河间市', '130900', '0317', '3', '区'), ('131000', '廊坊市', '130000', '0316', '2', '市'), ('131002', '安次区', '131000', '0316', '3', '区'), ('131003', '广阳区', '131000', '0316', '3', '区'), ('131022', '固安县', '131000', '0316', '3', '区'), ('131023', '永清县', '131000', '0316', '3', '区'), ('131024', '香河县', '131000', '0316', '3', '区'), ('131025', '大城县', '131000', '0316', '3', '区'), ('131026', '文安县', '131000', '0316', '3', '区'), ('131028', '大厂回族自治县', '131000', '0316', '3', '区'), ('131081', '霸州市', '131000', '0316', '3', '区'), ('131082', '三河市', '131000', '0316', '3', '区'), ('131100', '衡水市', '130000', '0318', '2', '市'), ('131102', '桃城区', '131100', '0318', '3', '区'), ('131121', '枣强县', '131100', '0318', '3', '区'), ('131122', '武邑县', '131100', '0318', '3', '区'), ('131123', '武强县', '131100', '0318', '3', '区'), ('131124', '饶阳县', '131100', '0318', '3', '区'), ('131125', '安平县', '131100', '0318', '3', '区'), ('131126', '故城县', '131100', '0318', '3', '区'), ('131127', '景县', '131100', '0318', '3', '区'), ('131128', '阜城县', '131100', '0318', '3', '区'), ('131181', '冀州市', '131100', '0318', '3', '区'), ('131182', '深州市', '131100', '0318', '3', '区'), ('140000', '山西省', '0', '', '1', '省'), ('140100', '太原市', '140000', '0351', '2', '市'), ('140105', '小店区', '140100', '0351', '3', '区'), ('140106', '迎泽区', '140100', '0351', '3', '区'), ('140107', '杏花岭区', '140100', '0351', '3', '区'), ('140108', '尖草坪区', '140100', '0351', '3', '区'), ('140109', '万柏林区', '140100', '0351', '3', '区'), ('140110', '晋源区', '140100', '0351', '3', '区'), ('140121', '清徐县', '140100', '0351', '3', '区'), ('140122', '阳曲县', '140100', '0351', '3', '区'), ('140123', '娄烦县', '140100', '0351', '3', '区'), ('140181', '古交市', '140100', '0351', '3', '区'), ('140200', '大同市', '140000', '0352', '2', '市'), ('140202', '城区', '140200', '0352', '3', '区'), ('140203', '矿区', '140200', '0352', '3', '区'), ('140211', '南郊区', '140200', '0352', '3', '区'), ('140212', '新荣区', '140200', '0352', '3', '区'), ('140221', '阳高县', '140200', '0352', '3', '区'), ('140222', '天镇县', '140200', '0352', '3', '区'), ('140223', '广灵县', '140200', '0352', '3', '区'), ('140224', '灵丘县', '140200', '0352', '3', '区'), ('140225', '浑源县', '140200', '0352', '3', '区'), ('140226', '左云县', '140200', '0352', '3', '区'), ('140227', '大同县', '140200', '0352', '3', '区'), ('140300', '阳泉市', '140000', '0353', '2', '市'), ('140302', '城区', '140300', '0353', '3', '区'), ('140303', '矿区', '140300', '0353', '3', '区'), ('140311', '郊区', '140300', '0353', '3', '区'), ('140321', '平定县', '140300', '0353', '3', '区'), ('140322', '盂县', '140300', '0353', '3', '区'), ('140400', '长治市', '140000', '0355', '2', '市'), ('140402', '城区', '140400', '0355', '3', '区'), ('140411', '郊区', '140400', '0355', '3', '区'), ('140421', '长治县', '140400', '0355', '3', '区'), ('140423', '襄垣县', '140400', '0355', '3', '区'), ('140424', '屯留县', '140400', '0355', '3', '区'), ('140425', '平顺县', '140400', '0355', '3', '区'), ('140426', '黎城县', '140400', '0355', '3', '区'), ('140427', '壶关县', '140400', '0355', '3', '区'), ('140428', '长子县', '140400', '0355', '3', '区'), ('140429', '武乡县', '140400', '0355', '3', '区'), ('140430', '沁县', '140400', '0355', '3', '区'), ('140431', '沁源县', '140400', '0355', '3', '区'), ('140481', '潞城市', '140400', '0355', '3', '区'), ('140500', '晋城市', '140000', '0356', '2', '市'), ('140502', '城区', '140500', '0356', '3', '区'), ('140521', '沁水县', '140500', '0356', '3', '区'), ('140522', '阳城县', '140500', '0356', '3', '区'), ('140524', '陵川县', '140500', '0356', '3', '区'), ('140525', '泽州县', '140500', '0356', '3', '区'), ('140581', '高平市', '140500', '0356', '3', '区'), ('140600', '朔州市', '140000', '0349', '2', '市'), ('140602', '朔城区', '140600', '0349', '3', '区'), ('140603', '平鲁区', '140600', '0349', '3', '区'), ('140621', '山阴县', '140600', '0349', '3', '区'), ('140622', '应县', '140600', '0349', '3', '区'), ('140623', '右玉县', '140600', '0349', '3', '区'), ('140624', '怀仁县', '140600', '0349', '3', '区'), ('140700', '晋中市', '140000', '0354', '2', '市'), ('140702', '榆次区', '140700', '0354', '3', '区'), ('140721', '榆社县', '140700', '0354', '3', '区'), ('140722', '左权县', '140700', '0354', '3', '区'), ('140723', '和顺县', '140700', '0354', '3', '区'), ('140724', '昔阳县', '140700', '0354', '3', '区'), ('140725', '寿阳县', '140700', '0354', '3', '区'), ('140726', '太谷县', '140700', '0354', '3', '区'), ('140727', '祁县', '140700', '0354', '3', '区'), ('140728', '平遥县', '140700', '0354', '3', '区'), ('140729', '灵石县', '140700', '0354', '3', '区'), ('140781', '介休市', '140700', '0354', '3', '区'), ('140800', '运城市', '140000', '0359', '2', '市'), ('140802', '盐湖区', '140800', '0359', '3', '区'), ('140821', '临猗县', '140800', '0359', '3', '区'), ('140822', '万荣县', '140800', '0359', '3', '区'), ('140823', '闻喜县', '140800', '0359', '3', '区'), ('140824', '稷山县', '140800', '0359', '3', '区'), ('140825', '新绛县', '140800', '0359', '3', '区'), ('140826', '绛县', '140800', '0359', '3', '区'), ('140827', '垣曲县', '140800', '0359', '3', '区'), ('140828', '夏县', '140800', '0359', '3', '区'), ('140829', '平陆县', '140800', '0359', '3', '区'), ('140830', '芮城县', '140800', '0359', '3', '区'), ('140881', '永济市', '140800', '0359', '3', '区'), ('140882', '河津市', '140800', '0359', '3', '区'), ('140900', '忻州市', '140000', '0350', '2', '市'), ('140902', '忻府区', '140900', '0350', '3', '区'), ('140921', '定襄县', '140900', '0350', '3', '区'), ('140922', '五台县', '140900', '0350', '3', '区'), ('140923', '代县', '140900', '0350', '3', '区'), ('140924', '繁峙县', '140900', '0350', '3', '区'), ('140925', '宁武县', '140900', '0350', '3', '区'), ('140926', '静乐县', '140900', '0350', '3', '区'), ('140927', '神池县', '140900', '0350', '3', '区'), ('140928', '五寨县', '140900', '0350', '3', '区'), ('140929', '岢岚县', '140900', '0350', '3', '区'), ('140930', '河曲县', '140900', '0350', '3', '区'), ('140931', '保德县', '140900', '0350', '3', '区'), ('140932', '偏关县', '140900', '0350', '3', '区'), ('140981', '原平市', '140900', '0350', '3', '区'), ('141000', '临汾市', '140000', '0357', '2', '市'), ('141002', '尧都区', '141000', '0357', '3', '区'), ('141021', '曲沃县', '141000', '0357', '3', '区'), ('141022', '翼城县', '141000', '0357', '3', '区'), ('141023', '襄汾县', '141000', '0357', '3', '区'), ('141024', '洪洞县', '141000', '0357', '3', '区'), ('141025', '古县', '141000', '0357', '3', '区'), ('141026', '安泽县', '141000', '0357', '3', '区'), ('141027', '浮山县', '141000', '0357', '3', '区'), ('141028', '吉县', '141000', '0357', '3', '区'), ('141029', '乡宁县', '141000', '0357', '3', '区'), ('141030', '大宁县', '141000', '0357', '3', '区'), ('141031', '隰县', '141000', '0357', '3', '区'), ('141032', '永和县', '141000', '0357', '3', '区'), ('141033', '蒲县', '141000', '0357', '3', '区'), ('141034', '汾西县', '141000', '0357', '3', '区'), ('141081', '侯马市', '141000', '0357', '3', '区'), ('141082', '霍州市', '141000', '0357', '3', '区'), ('141100', '吕梁市', '140000', '0358', '2', '市'), ('141102', '离石区', '141100', '0358', '3', '区'), ('141121', '文水县', '141100', '0358', '3', '区'), ('141122', '交城县', '141100', '0358', '3', '区'), ('141123', '兴县', '141100', '0358', '3', '区'), ('141124', '临县', '141100', '0358', '3', '区'), ('141125', '柳林县', '141100', '0358', '3', '区'), ('141126', '石楼县', '141100', '0358', '3', '区'), ('141127', '岚县', '141100', '0358', '3', '区'), ('141128', '方山县', '141100', '0358', '3', '区'), ('141129', '中阳县', '141100', '0358', '3', '区'), ('141130', '交口县', '141100', '0358', '3', '区'), ('141181', '孝义市', '141100', '0358', '3', '区'), ('141182', '汾阳市', '141100', '0358', '3', '区'), ('150000', '内蒙古自治区', '0', '', '1', '省'), ('150100', '呼和浩特市', '150000', '0471', '2', '市'), ('150102', '新城区', '150100', '0471', '3', '区'), ('150103', '回民区', '150100', '0471', '3', '区'), ('150104', '玉泉区', '150100', '0471', '3', '区'), ('150105', '赛罕区', '150100', '0471', '3', '区'), ('150121', '土默特左旗', '150100', '0471', '3', '区'), ('150122', '托克托县', '150100', '0471', '3', '区'), ('150123', '和林格尔县', '150100', '0471', '3', '区'), ('150124', '清水河县', '150100', '0471', '3', '区'), ('150125', '武川县', '150100', '0471', '3', '区'), ('150200', '包头市', '150000', '0472', '2', '市'), ('150202', '东河区', '150200', '0472', '3', '区'), ('150203', '昆都仑区', '150200', '0472', '3', '区'), ('150204', '青山区', '150200', '0472', '3', '区'), ('150205', '石拐区', '150200', '0472', '3', '区'), ('150206', '白云鄂博矿区', '150200', '0472', '3', '区'), ('150207', '九原区', '150200', '0472', '3', '区'), ('150221', '土默特右旗', '150200', '0472', '3', '区'), ('150222', '固阳县', '150200', '0472', '3', '区'), ('150223', '达尔罕茂明安联合旗', '150200', '0472', '3', '区'), ('150300', '乌海市', '150000', '0473', '2', '市'), ('150302', '海勃湾区', '150300', '0473', '3', '区'), ('150303', '海南区', '150300', '0473', '3', '区'), ('150304', '乌达区', '150300', '0473', '3', '区'), ('150400', '赤峰市', '150000', '0476', '2', '市'), ('150402', '红山区', '150400', '0476', '3', '区'), ('150403', '元宝山区', '150400', '0476', '3', '区'), ('150404', '松山区', '150400', '0476', '3', '区'), ('150421', '阿鲁科尔沁旗', '150400', '0476', '3', '区'), ('150422', '巴林左旗', '150400', '0476', '3', '区'), ('150423', '巴林右旗', '150400', '0476', '3', '区'), ('150424', '林西县', '150400', '0476', '3', '区'), ('150425', '克什克腾旗', '150400', '0476', '3', '区'), ('150426', '翁牛特旗', '150400', '0476', '3', '区'), ('150428', '喀喇沁旗', '150400', '0476', '3', '区'), ('150429', '宁城县', '150400', '0476', '3', '区'), ('150430', '敖汉旗', '150400', '0476', '3', '区'), ('150500', '通辽市', '150000', '0475', '2', '市'), ('150502', '科尔沁区', '150500', '0475', '3', '区'), ('150521', '科尔沁左翼中旗', '150500', '0475', '3', '区'), ('150522', '科尔沁左翼后旗', '150500', '0475', '3', '区'), ('150523', '开鲁县', '150500', '0475', '3', '区'), ('150524', '库伦旗', '150500', '0475', '3', '区'), ('150525', '奈曼旗', '150500', '0475', '3', '区'), ('150526', '扎鲁特旗', '150500', '0475', '3', '区'), ('150581', '霍林郭勒市', '150500', '0475', '3', '区'), ('150600', '鄂尔多斯市', '150000', '0477', '2', '市'), ('150602', '东胜区', '150600', '0477', '3', '区'), ('150621', '达拉特旗', '150600', '0477', '3', '区'), ('150622', '准格尔旗', '150600', '0477', '3', '区'), ('150623', '鄂托克前旗', '150600', '0477', '3', '区'), ('150624', '鄂托克旗', '150600', '0477', '3', '区'), ('150625', '杭锦旗', '150600', '0477', '3', '区'), ('150626', '乌审旗', '150600', '0477', '3', '区'), ('150627', '伊金霍洛旗', '150600', '0477', '3', '区'), ('150700', '呼伦贝尔市', '150000', '0470', '2', '市'), ('150702', '海拉尔区', '150700', '0470', '3', '区'), ('150721', '阿荣旗', '150700', '0470', '3', '区'), ('150722', '莫力达瓦达斡尔族自治旗', '150700', '0470', '3', '区'), ('150723', '鄂伦春自治旗', '150700', '0470', '3', '区'), ('150724', '鄂温克族自治旗', '150700', '0470', '3', '区'), ('150725', '陈巴尔虎旗', '150700', '0470', '3', '区'), ('150726', '新巴尔虎左旗', '150700', '0470', '3', '区'), ('150727', '新巴尔虎右旗', '150700', '0470', '3', '区'), ('150781', '满洲里市', '150700', '0470', '3', '区'), ('150782', '牙克石市', '150700', '0470', '3', '区'), ('150783', '扎兰屯市', '150700', '0470', '3', '区'), ('150784', '额尔古纳市', '150700', '0470', '3', '区'), ('150785', '根河市', '150700', '0470', '3', '区'), ('150800', '巴彦淖尔市', '150000', '0478', '2', '市'), ('150802', '临河区', '150800', '0478', '3', '区'), ('150821', '五原县', '150800', '0478', '3', '区'), ('150822', '磴口县', '150800', '0478', '3', '区'), ('150823', '乌拉特前旗', '150800', '0478', '3', '区'), ('150824', '乌拉特中旗', '150800', '0478', '3', '区'), ('150825', '乌拉特后旗', '150800', '0478', '3', '区'), ('150826', '杭锦后旗', '150800', '0478', '3', '区'), ('150900', '乌兰察布市', '150000', '0474', '2', '市'), ('150902', '集宁区', '150900', '0474', '3', '区'), ('150921', '卓资县', '150900', '0474', '3', '区'), ('150922', '化德县', '150900', '0474', '3', '区'), ('150923', '商都县', '150900', '0474', '3', '区'), ('150924', '兴和县', '150900', '0474', '3', '区'), ('150925', '凉城县', '150900', '0474', '3', '区'), ('150926', '察哈尔右翼前旗', '150900', '0474', '3', '区'), ('150927', '察哈尔右翼中旗', '150900', '0474', '3', '区'), ('150928', '察哈尔右翼后旗', '150900', '0474', '3', '区'), ('150929', '四子王旗', '150900', '0474', '3', '区'), ('150981', '丰镇市', '150900', '0474', '3', '区'), ('152200', '兴安盟', '150000', '0482', '2', '市'), ('152201', '乌兰浩特市', '152200', '0482', '3', '区'), ('152202', '阿尔山市', '152200', '0482', '3', '区'), ('152221', '科尔沁右翼前旗', '152200', '0482', '3', '区'), ('152222', '科尔沁右翼中旗', '152200', '0482', '3', '区'), ('152223', '扎赉特旗', '152200', '0482', '3', '区'), ('152224', '突泉县', '152200', '0482', '3', '区'), ('152500', '锡林郭勒盟', '150000', '0479', '2', '市'), ('152501', '二连浩特市', '152500', '0479', '3', '区'), ('152502', '锡林浩特市', '152500', '0479', '3', '区'), ('152522', '阿巴嘎旗', '152500', '0479', '3', '区'), ('152523', '苏尼特左旗', '152500', '0479', '3', '区'), ('152524', '苏尼特右旗', '152500', '0479', '3', '区'), ('152525', '东乌珠穆沁旗', '152500', '0479', '3', '区'), ('152526', '西乌珠穆沁旗', '152500', '0479', '3', '区'), ('152527', '太仆寺旗', '152500', '0479', '3', '区'), ('152528', '镶黄旗', '152500', '0479', '3', '区'), ('152529', '正镶白旗', '152500', '0479', '3', '区'), ('152530', '正蓝旗', '152500', '0479', '3', '区'), ('152531', '多伦县', '152500', '0479', '3', '区'), ('152900', '阿拉善盟', '150000', '0483', '2', '市'), ('152921', '阿拉善左旗', '152900', '0483', '3', '区'), ('152922', '阿拉善右旗', '152900', '0483', '3', '区'), ('152923', '额济纳旗', '152900', '0483', '3', '区'), ('210000', '辽宁省', '0', '', '1', '省'), ('210100', '沈阳市', '210000', '024', '2', '市'), ('210102', '和平区', '210100', '024', '3', '区'), ('210103', '沈河区', '210100', '024', '3', '区'), ('210104', '大东区', '210100', '024', '3', '区'), ('210105', '皇姑区', '210100', '024', '3', '区'), ('210106', '铁西区', '210100', '024', '3', '区'), ('210111', '苏家屯区', '210100', '024', '3', '区'), ('210112', '东陵区', '210100', '024', '3', '区'), ('210113', '沈北新区', '210100', '024', '3', '区'), ('210114', '于洪区', '210100', '024', '3', '区'), ('210122', '辽中县', '210100', '024', '3', '区'), ('210123', '康平县', '210100', '024', '3', '区'), ('210124', '法库县', '210100', '024', '3', '区'), ('210181', '新民市', '210100', '024', '3', '区'), ('210200', '大连市', '210000', '0411', '2', '市'), ('210202', '中山区', '210200', '0411', '3', '区'), ('210203', '西岗区', '210200', '0411', '3', '区'), ('210204', '沙河口区', '210200', '0411', '3', '区'), ('210211', '甘井子区', '210200', '0411', '3', '区'), ('210212', '旅顺口区', '210200', '0411', '3', '区'), ('210213', '金州区', '210200', '0411', '3', '区'), ('210224', '长海县', '210200', '0411', '3', '区'), ('210281', '瓦房店市', '210200', '0411', '3', '区'), ('210282', '普兰店市', '210200', '0411', '3', '区'), ('210283', '庄河市', '210200', '0411', '3', '区'), ('210300', '鞍山市', '210000', '0412', '2', '市'), ('210302', '铁东区', '210300', '0412', '3', '区'), ('210303', '铁西区', '210300', '0412', '3', '区'), ('210304', '立山区', '210300', '0412', '3', '区'), ('210311', '千山区', '210300', '0412', '3', '区'), ('210321', '台安县', '210300', '0412', '3', '区'), ('210323', '岫岩满族自治县', '210300', '0412', '3', '区'), ('210381', '海城市', '210300', '0412', '3', '区'), ('210400', '抚顺市', '210000', '0413', '2', '市'), ('210402', '新抚区', '210400', '0413', '3', '区'), ('210403', '东洲区', '210400', '0413', '3', '区'), ('210404', '望花区', '210400', '0413', '3', '区'), ('210411', '顺城区', '210400', '0413', '3', '区'), ('210421', '抚顺县', '210400', '0413', '3', '区'), ('210422', '新宾满族自治县', '210400', '0413', '3', '区'), ('210423', '清原满族自治县', '210400', '0413', '3', '区'), ('210500', '本溪市', '210000', '0414', '2', '市'), ('210502', '平山区', '210500', '0414', '3', '区'), ('210503', '溪湖区', '210500', '0414', '3', '区'), ('210504', '明山区', '210500', '0414', '3', '区'), ('210505', '南芬区', '210500', '0414', '3', '区'), ('210521', '本溪满族自治县', '210500', '0414', '3', '区'), ('210522', '桓仁满族自治县', '210500', '0414', '3', '区'), ('210600', '丹东市', '210000', '0415', '2', '市'), ('210602', '元宝区', '210600', '0415', '3', '区'), ('210603', '振兴区', '210600', '0415', '3', '区'), ('210604', '振安区', '210600', '0415', '3', '区'), ('210624', '宽甸满族自治县', '210600', '0415', '3', '区'), ('210681', '东港市', '210600', '0415', '3', '区'), ('210682', '凤城市', '210600', '0415', '3', '区'), ('210700', '锦州市', '210000', '0416', '2', '市'), ('210702', '古塔区', '210700', '0416', '3', '区'), ('210703', '凌河区', '210700', '0416', '3', '区'), ('210711', '太和区', '210700', '0416', '3', '区'), ('210726', '黑山县', '210700', '0416', '3', '区'), ('210727', '义县', '210700', '0416', '3', '区'), ('210781', '凌海市', '210700', '0416', '3', '区'), ('210782', '北镇市', '210700', '0416', '3', '区'), ('210800', '营口市', '210000', '0417', '2', '市'), ('210802', '站前区', '210800', '0417', '3', '区'), ('210803', '西市区', '210800', '0417', '3', '区'), ('210804', '鲅鱼圈区', '210800', '0417', '3', '区'), ('210811', '老边区', '210800', '0417', '3', '区'), ('210881', '盖州市', '210800', '0417', '3', '区'), ('210882', '大石桥市', '210800', '0417', '3', '区'), ('210900', '阜新市', '210000', '0418', '2', '市'), ('210902', '海州区', '210900', '0418', '3', '区'), ('210903', '新邱区', '210900', '0418', '3', '区'), ('210904', '太平区', '210900', '0418', '3', '区'), ('210905', '清河门区', '210900', '0418', '3', '区'), ('210911', '细河区', '210900', '0418', '3', '区'), ('210921', '阜新蒙古族自治县', '210900', '0418', '3', '区'), ('210922', '彰武县', '210900', '0418', '3', '区'), ('211000', '辽阳市', '210000', '0419', '2', '市'), ('211002', '白塔区', '211000', '0419', '3', '区'), ('211003', '文圣区', '211000', '0419', '3', '区'), ('211004', '宏伟区', '211000', '0419', '3', '区'), ('211005', '弓长岭区', '211000', '0419', '3', '区'), ('211011', '太子河区', '211000', '0419', '3', '区'), ('211021', '辽阳县', '211000', '0419', '3', '区'), ('211081', '灯塔市', '211000', '0419', '3', '区'), ('211100', '盘锦市', '210000', '0427', '2', '市'), ('211102', '双台子区', '211100', '0427', '3', '区'), ('211103', '兴隆台区', '211100', '0427', '3', '区'), ('211121', '大洼县', '211100', '0427', '3', '区'), ('211122', '盘山县', '211100', '0427', '3', '区'), ('211200', '铁岭市', '210000', '0410', '2', '市'), ('211202', '银州区', '211200', '0410', '3', '区'), ('211204', '清河区', '211200', '0410', '3', '区'), ('211221', '铁岭县', '211200', '0410', '3', '区'), ('211223', '西丰县', '211200', '0410', '3', '区'), ('211224', '昌图县', '211200', '0410', '3', '区'), ('211281', '调兵山市', '211200', '0410', '3', '区'), ('211282', '开原市', '211200', '0410', '3', '区'), ('211300', '朝阳市', '210000', '0421', '2', '市'), ('211302', '双塔区', '211300', '0421', '3', '区'), ('211303', '龙城区', '211300', '0421', '3', '区'), ('211321', '朝阳县', '211300', '0421', '3', '区'), ('211322', '建平县', '211300', '0421', '3', '区'), ('211324', '喀喇沁左翼蒙古族自治县', '211300', '0421', '3', '区'), ('211381', '北票市', '211300', '0421', '3', '区'), ('211382', '凌源市', '211300', '0421', '3', '区'), ('211400', '葫芦岛市', '210000', '0429', '2', '市'), ('211402', '连山区', '211400', '0429', '3', '区'), ('211403', '龙港区', '211400', '0429', '3', '区'), ('211404', '南票区', '211400', '0429', '3', '区'), ('211421', '绥中县', '211400', '0429', '3', '区'), ('211422', '建昌县', '211400', '0429', '3', '区'), ('211481', '兴城市', '211400', '0429', '3', '区'), ('220000', '吉林省', '0', '', '1', '省'), ('220100', '长春市', '220000', '0431', '2', '市'), ('220102', '南关区', '220100', '0431', '3', '区'), ('220103', '宽城区', '220100', '0431', '3', '区'), ('220104', '朝阳区', '220100', '0431', '3', '区'), ('220105', '二道区', '220100', '0431', '3', '区'), ('220106', '绿园区', '220100', '0431', '3', '区'), ('220112', '双阳区', '220100', '0431', '3', '区'), ('220122', '农安县', '220100', '0431', '3', '区'), ('220181', '九台市', '220100', '0431', '3', '区'), ('220182', '榆树市', '220100', '0431', '3', '区'), ('220183', '德惠市', '220100', '0431', '3', '区'), ('220200', '吉林市', '220000', '0432', '2', '市'), ('220202', '昌邑区', '220200', '0432', '3', '区'), ('220203', '龙潭区', '220200', '0432', '3', '区'), ('220204', '船营区', '220200', '0432', '3', '区'), ('220211', '丰满区', '220200', '0432', '3', '区'), ('220221', '永吉县', '220200', '0432', '3', '区'), ('220281', '蛟河市', '220200', '0432', '3', '区'), ('220282', '桦甸市', '220200', '0432', '3', '区'), ('220283', '舒兰市', '220200', '0432', '3', '区'), ('220284', '磐石市', '220200', '0432', '3', '区'), ('220300', '四平市', '220000', '0434', '2', '市'), ('220302', '铁西区', '220300', '0434', '3', '区'), ('220303', '铁东区', '220300', '0434', '3', '区'), ('220322', '梨树县', '220300', '0434', '3', '区'), ('220323', '伊通满族自治县', '220300', '0434', '3', '区'), ('220381', '公主岭市', '220300', '0434', '3', '区'), ('220382', '双辽市', '220300', '0434', '3', '区'), ('220400', '辽源市', '220000', '0437', '2', '市'), ('220402', '龙山区', '220400', '0437', '3', '区'), ('220403', '西安区', '220400', '0437', '3', '区'), ('220421', '东丰县', '220400', '0437', '3', '区'), ('220422', '东辽县', '220400', '0437', '3', '区'), ('220500', '通化市', '220000', '0435', '2', '市'), ('220502', '东昌区', '220500', '0435', '3', '区'), ('220503', '二道江区', '220500', '0435', '3', '区'), ('220521', '通化县', '220500', '0435', '3', '区'), ('220523', '辉南县', '220500', '0435', '3', '区'), ('220524', '柳河县', '220500', '0435', '3', '区'), ('220581', '梅河口市', '220500', '0435', '3', '区'), ('220582', '集安市', '220500', '0435', '3', '区'), ('220600', '白山市', '220000', '0439', '2', '市'), ('220602', '浑江区', '220600', '0439', '3', '区'), ('220605', '江源区', '220600', '0439', '3', '区'), ('220621', '抚松县', '220600', '0439', '3', '区'), ('220622', '靖宇县', '220600', '0439', '3', '区'), ('220623', '长白朝鲜族自治县', '220600', '0439', '3', '区'), ('220681', '临江市', '220600', '0439', '3', '区'), ('220700', '松原市', '220000', '0438', '2', '市'), ('220702', '宁江区', '220700', '0438', '3', '区'), ('220721', '前郭尔罗斯蒙古族自治县', '220700', '0438', '3', '区'), ('220722', '长岭县', '220700', '0438', '3', '区'), ('220723', '乾安县', '220700', '0438', '3', '区'), ('220724', '扶余县', '220700', '0438', '3', '区'), ('220800', '白城市', '220000', '0436', '2', '市'), ('220802', '洮北区', '220800', '0436', '3', '区'), ('220821', '镇赉县', '220800', '0436', '3', '区'), ('220822', '通榆县', '220800', '0436', '3', '区'), ('220881', '洮南市', '220800', '0436', '3', '区'), ('220882', '大安市', '220800', '0436', '3', '区'), ('222400', '延边朝鲜族自治州', '220000', '0433', '2', '市'), ('222401', '延吉市', '222400', '0433', '3', '区'), ('222402', '图们市', '222400', '0433', '3', '区'), ('222403', '敦化市', '222400', '0433', '3', '区'), ('222404', '珲春市', '222400', '0440', '3', '区'), ('222405', '龙井市', '222400', '0433', '3', '区'), ('222406', '和龙市', '222400', '0433', '3', '区'), ('222424', '汪清县', '222400', '0433', '3', '区'), ('222426', '安图县', '222400', '0433', '3', '区'), ('230000', '黑龙江省', '0', '', '1', '省'), ('230100', '哈尔滨市', '230000', '0451', '2', '市'), ('230102', '道里区', '230100', '0451', '3', '区'), ('230103', '南岗区', '230100', '0451', '3', '区'), ('230104', '道外区', '230100', '0451', '3', '区'), ('230108', '平房区', '230100', '0451', '3', '区'), ('230109', '松北区', '230100', '0451', '3', '区'), ('230110', '香坊区', '230100', '0451', '3', '区'), ('230111', '呼兰区', '230100', '0451', '3', '区'), ('230112', '阿城区', '230100', '0451', '3', '区'), ('230123', '依兰县', '230100', '0451', '3', '区'), ('230124', '方正县', '230100', '0451', '3', '区'), ('230125', '宾县', '230100', '0451', '3', '区'), ('230126', '巴彦县', '230100', '0451', '3', '区'), ('230127', '木兰县', '230100', '0451', '3', '区'), ('230128', '通河县', '230100', '0451', '3', '区'), ('230129', '延寿县', '230100', '0451', '3', '区'), ('230182', '双城市', '230100', '0451', '3', '区'), ('230183', '尚志市', '230100', '0451', '3', '区'), ('230184', '五常市', '230100', '0451', '3', '区'), ('230200', '齐齐哈尔市', '230000', '0452', '2', '市'), ('230202', '龙沙区', '230200', '0452', '3', '区'), ('230203', '建华区', '230200', '0452', '3', '区'), ('230204', '铁锋区', '230200', '0452', '3', '区'), ('230205', '昂昂溪区', '230200', '0452', '3', '区'), ('230206', '富拉尔基区', '230200', '0452', '3', '区'), ('230207', '碾子山区', '230200', '0452', '3', '区'), ('230208', '梅里斯达斡尔族区', '230200', '0452', '3', '区'), ('230221', '龙江县', '230200', '0452', '3', '区'), ('230223', '依安县', '230200', '0452', '3', '区'), ('230224', '泰来县', '230200', '0452', '3', '区'), ('230225', '甘南县', '230200', '0452', '3', '区'), ('230227', '富裕县', '230200', '0452', '3', '区'), ('230229', '克山县', '230200', '0452', '3', '区'), ('230230', '克东县', '230200', '0452', '3', '区'), ('230231', '拜泉县', '230200', '0452', '3', '区'), ('230281', '讷河市', '230200', '0452', '3', '区'), ('230300', '鸡西市', '230000', '0467', '2', '市'), ('230302', '鸡冠区', '230300', '0467', '3', '区'), ('230303', '恒山区', '230300', '0467', '3', '区'), ('230304', '滴道区', '230300', '0467', '3', '区'), ('230305', '梨树区', '230300', '0467', '3', '区'), ('230306', '城子河区', '230300', '0467', '3', '区'), ('230307', '麻山区', '230300', '0467', '3', '区'), ('230321', '鸡东县', '230300', '0467', '3', '区'), ('230381', '虎林市', '230300', '0467', '3', '区'), ('230382', '密山市', '230300', '0467', '3', '区'), ('230400', '鹤岗市', '230000', '0468', '2', '市'), ('230402', '向阳区', '230400', '0468', '3', '区'), ('230403', '工农区', '230400', '0468', '3', '区'), ('230404', '南山区', '230400', '0468', '3', '区'), ('230405', '兴安区', '230400', '0468', '3', '区'), ('230406', '东山区', '230400', '0468', '3', '区'), ('230407', '兴山区', '230400', '0468', '3', '区'), ('230421', '萝北县', '230400', '0468', '3', '区'), ('230422', '绥滨县', '230400', '0468', '3', '区'), ('230500', '双鸭山市', '230000', '0469', '2', '市'), ('230502', '尖山区', '230500', '0469', '3', '区'), ('230503', '岭东区', '230500', '0469', '3', '区'), ('230505', '四方台区', '230500', '0469', '3', '区'), ('230506', '宝山区', '230500', '0469', '3', '区'), ('230521', '集贤县', '230500', '0469', '3', '区'), ('230522', '友谊县', '230500', '0469', '3', '区'), ('230523', '宝清县', '230500', '0469', '3', '区'), ('230524', '饶河县', '230500', '0469', '3', '区'), ('230600', '大庆市', '230000', '0459', '2', '市'), ('230602', '萨尔图区', '230600', '0459', '3', '区'), ('230603', '龙凤区', '230600', '0459', '3', '区'), ('230604', '让胡路区', '230600', '0459', '3', '区'), ('230605', '红岗区', '230600', '0459', '3', '区'), ('230606', '大同区', '230600', '0459', '3', '区'), ('230621', '肇州县', '230600', '0459', '3', '区'), ('230622', '肇源县', '230600', '0459', '3', '区'), ('230623', '林甸县', '230600', '0459', '3', '区'), ('230624', '杜尔伯特蒙古族自治县', '230600', '0459', '3', '区'), ('230700', '伊春市', '230000', '0458', '2', '市'), ('230702', '伊春区', '230700', '0458', '3', '区'), ('230703', '南岔区', '230700', '0458', '3', '区'), ('230704', '友好区', '230700', '0458', '3', '区'), ('230705', '西林区', '230700', '0458', '3', '区'), ('230706', '翠峦区', '230700', '0458', '3', '区'), ('230707', '新青区', '230700', '0458', '3', '区'), ('230708', '美溪区', '230700', '0458', '3', '区'), ('230709', '金山屯区', '230700', '0458', '3', '区'), ('230710', '五营区', '230700', '0458', '3', '区'), ('230711', '乌马河区', '230700', '0458', '3', '区'), ('230712', '汤旺河区', '230700', '0458', '3', '区'), ('230713', '带岭区', '230700', '0458', '3', '区'), ('230714', '乌伊岭区', '230700', '0458', '3', '区'), ('230715', '红星区', '230700', '0458', '3', '区'), ('230716', '上甘岭区', '230700', '0458', '3', '区'), ('230722', '嘉荫县', '230700', '0458', '3', '区'), ('230781', '铁力市', '230700', '0458', '3', '区'), ('230800', '佳木斯市', '230000', '0454', '2', '市'), ('230803', '向阳区', '230800', '0454', '3', '区'), ('230804', '前进区', '230800', '0454', '3', '区'), ('230805', '东风区', '230800', '0454', '3', '区'), ('230811', '郊区', '230800', '0454', '3', '区'), ('230822', '桦南县', '230800', '0454', '3', '区'), ('230826', '桦川县', '230800', '0454', '3', '区'), ('230828', '汤原县', '230800', '0454', '3', '区'), ('230833', '抚远县', '230800', '0454', '3', '区'), ('230881', '同江市', '230800', '0454', '3', '区'), ('230882', '富锦市', '230800', '0454', '3', '区'), ('230900', '七台河市', '230000', '0464', '2', '市'), ('230902', '新兴区', '230900', '0464', '3', '区'), ('230903', '桃山区', '230900', '0464', '3', '区'), ('230904', '茄子河区', '230900', '0464', '3', '区'), ('230921', '勃利县', '230900', '0464', '3', '区'), ('231000', '牡丹江市', '230000', '0453', '2', '市'), ('231002', '东安区', '231000', '0453', '3', '区'), ('231003', '阳明区', '231000', '0453', '3', '区'), ('231004', '爱民区', '231000', '0453', '3', '区'), ('231005', '西安区', '231000', '0453', '3', '区'), ('231024', '东宁县', '231000', '0453', '3', '区'), ('231025', '林口县', '231000', '0453', '3', '区'), ('231081', '绥芬河市', '231000', '0453', '3', '区'), ('231083', '海林市', '231000', '0453', '3', '区'), ('231084', '宁安市', '231000', '0453', '3', '区'), ('231085', '穆棱市', '231000', '0453', '3', '区'), ('231100', '黑河市', '230000', '0456', '2', '市'), ('231102', '爱辉区', '231100', '0456', '3', '区'), ('231121', '嫩江县', '231100', '0456', '3', '区'), ('231123', '逊克县', '231100', '0456', '3', '区'), ('231124', '孙吴县', '231100', '0456', '3', '区'), ('231181', '北安市', '231100', '0456', '3', '区'), ('231182', '五大连池市', '231100', '0456', '3', '区'), ('231200', '绥化市', '230000', '0455', '2', '市'), ('231202', '北林区', '231200', '0455', '3', '区'), ('231221', '望奎县', '231200', '0455', '3', '区'), ('231222', '兰西县', '231200', '0455', '3', '区'), ('231223', '青冈县', '231200', '0455', '3', '区'), ('231224', '庆安县', '231200', '0455', '3', '区'), ('231225', '明水县', '231200', '0455', '3', '区'), ('231226', '绥棱县', '231200', '0455', '3', '区'), ('231281', '安达市', '231200', '0455', '3', '区'), ('231282', '肇东市', '231200', '0455', '3', '区'), ('231283', '海伦市', '231200', '0455', '3', '区'), ('232700', '大兴安岭地区', '230000', '0457', '2', '市'), ('232701', '加格达奇区', '232700', '0457', '3', '区'), ('232702', '松岭区', '232700', '0457', '3', '区'), ('232703', '新林区', '232700', '0457', '3', '区'), ('232704', '呼中区', '232700', '0457', '3', '区'), ('232721', '呼玛县', '232700', '0457', '3', '区'), ('232722', '塔河县', '232700', '0457', '3', '区'), ('232723', '漠河县', '232700', '0457', '3', '区'), ('310000', '上海市', '0', '021', '1', '市'), ('310101', '黄浦区', '310000', '021', '2', '区'), ('310104', '徐汇区', '310000', '021', '2', '区'), ('310105', '长宁区', '310000', '021', '2', '区'), ('310106', '静安区', '310000', '021', '2', '区'), ('310107', '普陀区', '310000', '021', '2', '区'), ('310108', '闸北区', '310000', '021', '2', '区'), ('310109', '虹口区', '310000', '021', '2', '区'), ('310110', '杨浦区', '310000', '021', '2', '区'), ('310112', '闵行区', '310000', '021', '2', '区'), ('310113', '宝山区', '310000', '021', '2', '区'), ('310114', '嘉定区', '310000', '021', '2', '区'), ('310115', '浦东新区', '310000', '021', '2', '区'), ('310116', '金山区', '310000', '021', '2', '区'), ('310117', '松江区', '310000', '021', '2', '区'), ('310118', '青浦区', '310000', '021', '2', '区'), ('310120', '奉贤区', '310000', '021', '2', '区'), ('310230', '崇明县', '310000', '021', '2', '区'), ('320000', '江苏省', '0', '', '1', '省'), ('320100', '南京市', '320000', '025', '2', '市'), ('320102', '玄武区', '320100', '025', '3', '区'), ('320103', '白下区', '320100', '025', '3', '区'), ('320104', '秦淮区', '320100', '025', '3', '区'), ('320105', '建邺区', '320100', '025', '3', '区'), ('320106', '鼓楼区', '320100', '025', '3', '区'), ('320107', '下关区', '320100', '025', '3', '区'), ('320111', '浦口区', '320100', '025', '3', '区'), ('320113', '栖霞区', '320100', '025', '3', '区'), ('320114', '雨花台区', '320100', '025', '3', '区'), ('320115', '江宁区', '320100', '025', '3', '区'), ('320116', '六合区', '320100', '025', '3', '区'), ('320124', '溧水县', '320100', '025', '3', '区'), ('320125', '高淳县', '320100', '025', '3', '区'), ('320200', '无锡市', '320000', '0510', '2', '市'), ('320202', '崇安区', '320200', '0510', '3', '区'), ('320203', '南长区', '320200', '0510', '3', '区'), ('320204', '北塘区', '320200', '0510', '3', '区'), ('320205', '锡山区', '320200', '0510', '3', '区'), ('320206', '惠山区', '320200', '0510', '3', '区'), ('320211', '滨湖区', '320200', '0510', '3', '区'), ('320281', '江阴市', '320200', '0510', '3', '区'), ('320282', '宜兴市', '320200', '0510', '3', '区'), ('320300', '徐州市', '320000', '0516', '2', '市'), ('320302', '鼓楼区', '320300', '0516', '3', '区'), ('320303', '云龙区', '320300', '0516', '3', '区'), ('320305', '贾汪区', '320300', '0516', '3', '区'), ('320311', '泉山区', '320300', '0516', '3', '区'), ('320312', '铜山区', '320300', '0516', '3', '区'), ('320321', '丰县', '320300', '0516', '3', '区'), ('320322', '沛县', '320300', '0516', '3', '区'), ('320324', '睢宁县', '320300', '0516', '3', '区'), ('320381', '新沂市', '320300', '0516', '3', '区'), ('320382', '邳州市', '320300', '0516', '3', '区'), ('320400', '常州市', '320000', '0519', '2', '市'), ('320402', '天宁区', '320400', '0519', '3', '区'), ('320404', '钟楼区', '320400', '0519', '3', '区'), ('320405', '戚墅堰区', '320400', '0519', '3', '区'), ('320411', '新北区', '320400', '0519', '3', '区'), ('320412', '武进区', '320400', '0519', '3', '区'), ('320481', '溧阳市', '320400', '0519', '3', '区'), ('320482', '金坛市', '320400', '0519', '3', '区'), ('320500', '苏州市', '320000', '0512', '2', '市'), ('320503', '姑苏区', '320500', '0512', '3', '区'), ('320505', '虎丘区', '320500', '0512', '3', '区'), ('320506', '吴中区', '320500', '0512', '3', '区'), ('320507', '相城区', '320500', '0512', '3', '区'), ('320581', '常熟市', '320500', '0512', '3', '区'), ('320582', '张家港市', '320500', '0512', '3', '区'), ('320583', '昆山市', '320500', '0512', '3', '区'), ('320584', '吴江区', '320500', '0512', '3', '区'), ('320585', '太仓市', '320500', '0512', '3', '区'), ('320600', '南通市', '320000', '0513', '2', '市'), ('320602', '崇川区', '320600', '0513', '3', '区'), ('320611', '港闸区', '320600', '0513', '3', '区'), ('320612', '通州区', '320600', '0513', '3', '区'), ('320621', '海安县', '320600', '0513', '3', '区'), ('320623', '如东县', '320600', '0513', '3', '区'), ('320681', '启东市', '320600', '0513', '3', '区'), ('320682', '如皋市', '320600', '0513', '3', '区'), ('320684', '海门市', '320600', '0513', '3', '区'), ('320700', '连云港市', '320000', '0518', '2', '市'), ('320703', '连云区', '320700', '0518', '3', '区'), ('320705', '新浦区', '320700', '0518', '3', '区'), ('320706', '海州区', '320700', '0518', '3', '区'), ('320721', '赣榆县', '320700', '0518', '3', '区'), ('320722', '东海县', '320700', '0518', '3', '区'), ('320723', '灌云县', '320700', '0518', '3', '区'), ('320724', '灌南县', '320700', '0518', '3', '区'), ('320800', '淮安市', '320000', '0517', '2', '市'), ('320802', '清河区', '320800', '0517', '3', '区'), ('320803', '淮安区', '320800', '0517', '3', '区'), ('320804', '淮阴区', '320800', '0517', '3', '区'), ('320811', '青浦区', '320800', '0517', '3', '区'), ('320826', '涟水县', '320800', '0517', '3', '区'), ('320829', '洪泽县', '320800', '0517', '3', '区'), ('320830', '盱眙县', '320800', '0517', '3', '区'), ('320831', '金湖县', '320800', '0517', '3', '区'), ('320900', '盐城市', '320000', '0515', '2', '市'), ('320902', '亭湖区', '320900', '0515', '3', '区'), ('320903', '盐都区', '320900', '0515', '3', '区'), ('320921', '响水县', '320900', '0515', '3', '区'), ('320922', '滨海县', '320900', '0515', '3', '区'), ('320923', '阜宁县', '320900', '0515', '3', '区'), ('320924', '射阳县', '320900', '0515', '3', '区'), ('320925', '建湖县', '320900', '0515', '3', '区'), ('320981', '东台市', '320900', '0515', '3', '区'), ('320982', '大丰市', '320900', '0515', '3', '区'), ('321000', '扬州市', '320000', '0514', '2', '市'), ('321002', '广陵区', '321000', '0514', '3', '区'), ('321003', '邗江区', '321000', '0514', '3', '区'), ('321023', '宝应县', '321000', '0514', '3', '区'), ('321081', '仪征市', '321000', '0514', '3', '区'), ('321084', '高邮市', '321000', '0514', '3', '区'), ('321088', '江都市', '321000', '0514', '3', '区'), ('321100', '镇江市', '320000', '0511', '2', '市'), ('321102', '京口区', '321100', '0511', '3', '区'), ('321111', '润州区', '321100', '0511', '3', '区'), ('321112', '丹徒区', '321100', '0511', '3', '区'), ('321181', '丹阳市', '321100', '0511', '3', '区'), ('321182', '扬中市', '321100', '0511', '3', '区'), ('321183', '句容市', '321100', '0511', '3', '区'), ('321200', '泰州市', '320000', '0523', '2', '市'), ('321202', '海陵区', '321200', '0523', '3', '区'), ('321203', '高港区', '321200', '0523', '3', '区'), ('321281', '兴化市', '321200', '0523', '3', '区'), ('321282', '靖江市', '321200', '0523', '3', '区'), ('321283', '泰兴市', '321200', '0523', '3', '区'), ('321284', '姜堰市', '321200', '0523', '3', '区'), ('321300', '宿迁市', '320000', '0527', '2', '市'), ('321302', '宿城区', '321300', '0527', '3', '区'), ('321311', '宿豫区', '321300', '0527', '3', '区'), ('321322', '沭阳县', '321300', '0527', '3', '区'), ('321323', '泗阳县', '321300', '0527', '3', '区'), ('321324', '泗洪县', '321300', '0527', '3', '区'), ('330000', '浙江省', '0', '', '1', '省'), ('330100', '杭州市', '330000', '0571', '2', '市'), ('330102', '上城区', '330100', '0571', '3', '区'), ('330103', '下城区', '330100', '0571', '3', '区'), ('330104', '江干区', '330100', '0571', '3', '区'), ('330105', '拱墅区', '330100', '0571', '3', '区'), ('330106', '西湖区', '330100', '0571', '3', '区'), ('330108', '滨江区', '330100', '0571', '3', '区'), ('330109', '萧山区', '330100', '0571', '3', '区'), ('330110', '余杭区', '330100', '0571', '3', '区'), ('330122', '桐庐县', '330100', '0571', '3', '区'), ('330127', '淳安县', '330100', '0571', '3', '区'), ('330182', '建德市', '330100', '0571', '3', '区'), ('330183', '富阳市', '330100', '0571', '3', '区'), ('330185', '临安市', '330100', '0571', '3', '区'), ('330200', '宁波市', '330000', '0574', '2', '市'), ('330203', '海曙区', '330200', '0574', '3', '区'), ('330204', '江东区', '330200', '0574', '3', '区'), ('330205', '江北区', '330200', '0574', '3', '区'), ('330206', '北仑区', '330200', '0574', '3', '区'), ('330211', '镇海区', '330200', '0574', '3', '区'), ('330212', '鄞州区', '330200', '0574', '3', '区'), ('330225', '象山县', '330200', '0574', '3', '区'), ('330226', '宁海县', '330200', '0574', '3', '区'), ('330281', '余姚市', '330200', '0574', '3', '区'), ('330282', '慈溪市', '330200', '0574', '3', '区'), ('330283', '奉化市', '330200', '0574', '3', '区'), ('330300', '温州市', '330000', '0577', '2', '市'), ('330302', '鹿城区', '330300', '0577', '3', '区'), ('330303', '龙湾区', '330300', '0577', '3', '区'), ('330304', '瓯海区', '330300', '0577', '3', '区'), ('330322', '洞头县', '330300', '0577', '3', '区'), ('330324', '永嘉县', '330300', '0577', '3', '区'), ('330326', '平阳县', '330300', '0577', '3', '区'), ('330327', '苍南县', '330300', '0577', '3', '区'), ('330328', '文成县', '330300', '0577', '3', '区'), ('330329', '泰顺县', '330300', '0577', '3', '区'), ('330381', '瑞安市', '330300', '0577', '3', '区'), ('330382', '乐清市', '330300', '0577', '3', '区'), ('330400', '嘉兴市', '330000', '0573', '2', '市'), ('330402', '南湖区', '330400', '0573', '3', '区'), ('330411', '秀洲区', '330400', '0573', '3', '区'), ('330421', '嘉善县', '330400', '0573', '3', '区'), ('330424', '海盐县', '330400', '0573', '3', '区'), ('330481', '海宁市', '330400', '0573', '3', '区'), ('330482', '平湖市', '330400', '0573', '3', '区'), ('330483', '桐乡市', '330400', '0573', '3', '区'), ('330500', '湖州市', '330000', '0572', '2', '市'), ('330502', '吴兴区', '330500', '0572', '3', '区'), ('330503', '南浔区', '330500', '0572', '3', '区'), ('330521', '德清县', '330500', '0572', '3', '区'), ('330522', '长兴县', '330500', '0572', '3', '区'), ('330523', '安吉县', '330500', '0572', '3', '区'), ('330600', '绍兴市', '330000', '0575', '2', '市'), ('330602', '越城区', '330600', '0575', '3', '区'), ('330621', '绍兴县', '330600', '0575', '3', '区'), ('330624', '新昌县', '330600', '0575', '3', '区'), ('330681', '诸暨市', '330600', '0575', '3', '区'), ('330682', '上虞市', '330600', '0575', '3', '区'), ('330683', '嵊州市', '330600', '0575', '3', '区'), ('330700', '金华市', '330000', '0579', '2', '市'), ('330702', '婺城区', '330700', '0579', '3', '区'), ('330703', '金东区', '330700', '0579', '3', '区'), ('330723', '武义县', '330700', '0579', '3', '区'), ('330726', '浦江县', '330700', '0579', '3', '区'), ('330727', '磐安县', '330700', '0579', '3', '区'), ('330781', '兰溪市', '330700', '0579', '3', '区'), ('330782', '义乌市', '330700', '0579', '3', '区'), ('330783', '东阳市', '330700', '0579', '3', '区'), ('330784', '永康市', '330700', '0579', '3', '区'), ('330800', '衢州市', '330000', '0570', '2', '市'), ('330802', '柯城区', '330800', '0570', '3', '区'), ('330803', '衢江区', '330800', '0570', '3', '区'), ('330822', '常山县', '330800', '0570', '3', '区'), ('330824', '开化县', '330800', '0570', '3', '区'), ('330825', '龙游县', '330800', '0570', '3', '区'), ('330881', '江山市', '330800', '0570', '3', '区'), ('330900', '舟山市', '330000', '0580', '2', '市'), ('330902', '定海区', '330900', '0580', '3', '区'), ('330903', '普陀区', '330900', '0580', '3', '区'), ('330921', '岱山县', '330900', '0580', '3', '区'), ('330922', '嵊泗县', '330900', '0580', '3', '区'), ('331000', '台州市', '330000', '0576', '2', '市'), ('331002', '椒江区', '331000', '0576', '3', '区'), ('331003', '黄岩区', '331000', '0576', '3', '区'), ('331004', '路桥区', '331000', '0576', '3', '区'), ('331021', '玉环县', '331000', '0576', '3', '区'), ('331022', '三门县', '331000', '0576', '3', '区'), ('331023', '天台县', '331000', '0576', '3', '区'), ('331024', '仙居县', '331000', '0576', '3', '区'), ('331081', '温岭市', '331000', '0576', '3', '区'), ('331082', '临海市', '331000', '0576', '3', '区'), ('331100', '丽水市', '330000', '0578', '2', '市'), ('331102', '莲都区', '331100', '0578', '3', '区'), ('331121', '青田县', '331100', '0578', '3', '区'), ('331122', '缙云县', '331100', '0578', '3', '区'), ('331123', '遂昌县', '331100', '0578', '3', '区'), ('331124', '松阳县', '331100', '0578', '3', '区'), ('331125', '云和县', '331100', '0578', '3', '区'), ('331126', '庆元县', '331100', '0578', '3', '区'), ('331127', '景宁畲族自治县', '331100', '0578', '3', '区'), ('331181', '龙泉市', '331100', '0578', '3', '区'), ('340000', '安徽省', '0', '', '1', '省'), ('340100', '合肥市', '340000', '0551', '2', '市'), ('340102', '瑶海区', '340100', '0551', '3', '区'), ('340103', '庐阳区', '340100', '0551', '3', '区'), ('340104', '蜀山区', '340100', '0551', '3', '区'), ('340111', '包河区', '340100', '0551', '3', '区'), ('340121', '长丰县', '340100', '0551', '3', '区'), ('340122', '肥东县', '340100', '0551', '3', '区'), ('340123', '肥西县', '340100', '0551', '3', '区'), ('340124', '庐江县', '340100', '0551', '3', '区'), ('340181', '巢湖市', '340100', '0565', '3', '区'), ('340200', '芜湖市', '340000', '0553', '2', '市'), ('340202', '镜湖区', '340200', '0553', '3', '区'), ('340203', '弋江区', '340200', '0553', '3', '区'), ('340207', '鸠江区', '340200', '0553', '3', '区'), ('340208', '三山区', '340200', '0553', '3', '区'), ('340221', '芜湖县', '340200', '0553', '3', '区'), ('340222', '繁昌县', '340200', '0553', '3', '区'), ('340223', '南陵县', '340200', '0553', '3', '区'), ('340225', '无为县', '340200', '0553', '3', '区'), ('340300', '蚌埠市', '340000', '0552', '2', '市'), ('340302', '龙子湖区', '340300', '0552', '3', '区'), ('340303', '蚌山区', '340300', '0552', '3', '区'), ('340304', '禹会区', '340300', '0552', '3', '区'), ('340311', '淮上区', '340300', '0552', '3', '区'), ('340321', '怀远县', '340300', '0552', '3', '区'), ('340322', '五河县', '340300', '0552', '3', '区'), ('340323', '固镇县', '340300', '0552', '3', '区'), ('340400', '淮南市', '340000', '0554', '2', '市'), ('340402', '大通区', '340400', '0554', '3', '区'), ('340403', '田家庵区', '340400', '0554', '3', '区'), ('340404', '谢家集区', '340400', '0554', '3', '区'), ('340405', '八公山区', '340400', '0554', '3', '区'), ('340406', '潘集区', '340400', '0554', '3', '区'), ('340421', '凤台县', '340400', '0554', '3', '区'), ('340500', '马鞍山市', '340000', '0555', '2', '市'), ('340503', '花山区', '340500', '0555', '3', '区'), ('340504', '雨山区', '340500', '0555', '3', '区'), ('340521', '当涂县', '340500', '0555', '3', '区'), ('340522', '含山县', '340500', '0555', '3', '区'), ('340523', '和县', '340500', '0555', '3', '区'), ('340596', '博望区', '340500', '0555', '3', '区'), ('340600', '淮北市', '340000', '0561', '2', '市'), ('340602', '杜集区', '340600', '0561', '3', '区'), ('340603', '相山区', '340600', '0561', '3', '区'), ('340604', '烈山区', '340600', '0561', '3', '区'), ('340621', '濉溪县', '340600', '0561', '3', '区'), ('340700', '铜陵市', '340000', '0562', '2', '市'), ('340702', '铜官山区', '340700', '0562', '3', '区'), ('340703', '狮子山区', '340700', '0562', '3', '区'), ('340711', '郊区', '340700', '0562', '3', '区'), ('340721', '铜陵县', '340700', '0562', '3', '区'), ('340800', '安庆市', '340000', '0556', '2', '市'), ('340802', '迎江区', '340800', '0556', '3', '区'), ('340803', '大观区', '340800', '0556', '3', '区'), ('340811', '宜秀区', '340800', '0556', '3', '区'), ('340822', '怀宁县', '340800', '0556', '3', '区'), ('340823', '枞阳县', '340800', '0556', '3', '区'), ('340824', '潜山县', '340800', '0556', '3', '区'), ('340825', '太湖县', '340800', '0556', '3', '区'), ('340826', '宿松县', '340800', '0556', '3', '区'), ('340827', '望江县', '340800', '0556', '3', '区'), ('340828', '岳西县', '340800', '0556', '3', '区'), ('340881', '桐城市', '340800', '0556', '3', '区'), ('341000', '黄山市', '340000', '0559', '2', '市'), ('341002', '屯溪区', '341000', '0559', '3', '区'), ('341003', '黄山区', '341000', '0559', '3', '区'), ('341004', '徽州区', '341000', '0559', '3', '区'), ('341021', '歙县', '341000', '0559', '3', '区'), ('341022', '休宁县', '341000', '0559', '3', '区'), ('341023', '黟县', '341000', '0559', '3', '区'), ('341024', '祁门县', '341000', '0559', '3', '区'), ('341100', '滁州市', '340000', '0550', '2', '市'), ('341102', '琅琊区', '341100', '0550', '3', '区'), ('341103', '南谯区', '341100', '0550', '3', '区'), ('341122', '来安县', '341100', '0550', '3', '区'), ('341124', '全椒县', '341100', '0550', '3', '区'), ('341125', '定远县', '341100', '0550', '3', '区'), ('341126', '凤阳县', '341100', '0550', '3', '区'), ('341181', '天长市', '341100', '0550', '3', '区'), ('341182', '明光市', '341100', '0550', '3', '区'), ('341200', '阜阳市', '340000', '0558', '2', '市'), ('341202', '颍州区', '341200', '0558', '3', '区'), ('341203', '颍东区', '341200', '0558', '3', '区'), ('341204', '颍泉区', '341200', '0558', '3', '区'), ('341221', '临泉县', '341200', '0558', '3', '区'), ('341222', '太和县', '341200', '0558', '3', '区'), ('341225', '阜南县', '341200', '0558', '3', '区'), ('341226', '颍上县', '341200', '0558', '3', '区'), ('341282', '界首市', '341200', '0558', '3', '区'), ('341300', '宿州市', '340000', '0557', '2', '市'), ('341302', '埇桥区', '341300', '0557', '3', '区'), ('341321', '砀山县', '341300', '0557', '3', '区'), ('341322', '萧县', '341300', '0557', '3', '区'), ('341323', '灵璧县', '341300', '0557', '3', '区'), ('341324', '泗县', '341300', '0557', '3', '区'), ('341500', '六安市', '340000', '0564', '2', '市'), ('341502', '金安区', '341500', '0564', '3', '区'), ('341503', '裕安区', '341500', '0564', '3', '区'), ('341521', '寿县', '341500', '0564', '3', '区'), ('341522', '霍邱县', '341500', '0564', '3', '区'), ('341523', '舒城县', '341500', '0564', '3', '区'), ('341524', '金寨县', '341500', '0564', '3', '区'), ('341525', '霍山县', '341500', '0564', '3', '区'), ('341600', '亳州市', '340000', '0558', '2', '市'), ('341602', '谯城区', '341600', '0558', '3', '区'), ('341621', '涡阳县', '341600', '0558', '3', '区'), ('341622', '蒙城县', '341600', '0558', '3', '区'), ('341623', '利辛县', '341600', '0558', '3', '区'), ('341700', '池州市', '340000', '0566', '2', '市'), ('341702', '贵池区', '341700', '0566', '3', '区'), ('341721', '东至县', '341700', '0566', '3', '区'), ('341722', '石台县', '341700', '0566', '3', '区'), ('341723', '青阳县', '341700', '0566', '3', '区'), ('341800', '宣城市', '340000', '0563', '2', '市'), ('341802', '宣州区', '341800', '0563', '3', '区'), ('341821', '郎溪县', '341800', '0563', '3', '区'), ('341822', '广德县', '341800', '0563', '3', '区'), ('341823', '泾县', '341800', '0563', '3', '区'), ('341824', '绩溪县', '341800', '0563', '3', '区'), ('341825', '旌德县', '341800', '0563', '3', '区'), ('341881', '宁国市', '341800', '0563', '3', '区'), ('350000', '福建省', '0', '', '1', '省'), ('350100', '福州市', '350000', '0591', '2', '市'), ('350102', '鼓楼区', '350100', '0591', '3', '区'), ('350103', '台江区', '350100', '0591', '3', '区'), ('350104', '仓山区', '350100', '0591', '3', '区'), ('350105', '马尾区', '350100', '0591', '3', '区'), ('350111', '晋安区', '350100', '0591', '3', '区'), ('350121', '闽侯县', '350100', '0591', '3', '区'), ('350122', '连江县', '350100', '0591', '3', '区'), ('350123', '罗源县', '350100', '0591', '3', '区'), ('350124', '闽清县', '350100', '0591', '3', '区'), ('350125', '永泰县', '350100', '0591', '3', '区'), ('350128', '平潭县', '350100', '0591', '3', '区'), ('350181', '福清市', '350100', '0591', '3', '区'), ('350182', '长乐市', '350100', '0591', '3', '区'), ('350200', '厦门市', '350000', '0592', '2', '市'), ('350203', '思明区', '350200', '0592', '3', '区'), ('350205', '海沧区', '350200', '0592', '3', '区'), ('350206', '湖里区', '350200', '0592', '3', '区'), ('350211', '集美区', '350200', '0592', '3', '区'), ('350212', '同安区', '350200', '0592', '3', '区'), ('350213', '翔安区', '350200', '0592', '3', '区'), ('350300', '莆田市', '350000', '0594', '2', '市'), ('350302', '城厢区', '350300', '0594', '3', '区'), ('350303', '涵江区', '350300', '0594', '3', '区'), ('350304', '荔城区', '350300', '0594', '3', '区'), ('350305', '秀屿区', '350300', '0594', '3', '区'), ('350322', '仙游县', '350300', '0594', '3', '区'), ('350400', '三明市', '350000', '0598', '2', '市'), ('350402', '梅列区', '350400', '0598', '3', '区'), ('350403', '三元区', '350400', '0598', '3', '区'), ('350421', '明溪县', '350400', '0598', '3', '区'), ('350423', '清流县', '350400', '0598', '3', '区'), ('350424', '宁化县', '350400', '0598', '3', '区'), ('350425', '大田县', '350400', '0598', '3', '区'), ('350426', '尤溪县', '350400', '0598', '3', '区'), ('350427', '沙县', '350400', '0598', '3', '区'), ('350428', '将乐县', '350400', '0598', '3', '区'), ('350429', '泰宁县', '350400', '0598', '3', '区'), ('350430', '建宁县', '350400', '0598', '3', '区'), ('350481', '永安市', '350400', '0598', '3', '区'), ('350500', '泉州市', '350000', '0595', '2', '市'), ('350502', '鲤城区', '350500', '0595', '3', '区'), ('350503', '丰泽区', '350500', '0595', '3', '区'), ('350504', '洛江区', '350500', '0595', '3', '区'), ('350505', '泉港区', '350500', '0595', '3', '区'), ('350521', '惠安县', '350500', '0595', '3', '区'), ('350524', '安溪县', '350500', '0595', '3', '区'), ('350525', '永春县', '350500', '0595', '3', '区'), ('350526', '德化县', '350500', '0595', '3', '区'), ('350527', '金门县', '350500', '0595', '3', '区'), ('350581', '石狮市', '350500', '0595', '3', '区'), ('350582', '晋江市', '350500', '0595', '3', '区'), ('350583', '南安市', '350500', '0595', '3', '区'), ('350600', '漳州市', '350000', '0596', '2', '市'), ('350602', '芗城区', '350600', '0596', '3', '区'), ('350603', '龙文区', '350600', '0596', '3', '区'), ('350622', '云霄县', '350600', '0596', '3', '区'), ('350623', '漳浦县', '350600', '0596', '3', '区'), ('350624', '诏安县', '350600', '0596', '3', '区'), ('350625', '长泰县', '350600', '0596', '3', '区'), ('350626', '东山县', '350600', '0596', '3', '区'), ('350627', '南靖县', '350600', '0596', '3', '区'), ('350628', '平和县', '350600', '0596', '3', '区'), ('350629', '华安县', '350600', '0596', '3', '区'), ('350681', '龙海市', '350600', '0596', '3', '区'), ('350700', '南平市', '350000', '0599', '2', '市'), ('350702', '延平区', '350700', '0599', '3', '区'), ('350721', '顺昌县', '350700', '0599', '3', '区'), ('350722', '浦城县', '350700', '0599', '3', '区'), ('350723', '光泽县', '350700', '0599', '3', '区'), ('350724', '松溪县', '350700', '0599', '3', '区'), ('350725', '政和县', '350700', '0599', '3', '区'), ('350781', '邵武市', '350700', '0599', '3', '区'), ('350782', '武夷山市', '350700', '0599', '3', '区'), ('350783', '建瓯市', '350700', '0599', '3', '区'), ('350784', '建阳市', '350700', '0599', '3', '区'), ('350800', '龙岩市', '350000', '0597', '2', '市'), ('350802', '新罗区', '350800', '0597', '3', '区'), ('350821', '长汀县', '350800', '0597', '3', '区'), ('350822', '永定县', '350800', '0597', '3', '区'), ('350823', '上杭县', '350800', '0597', '3', '区'), ('350824', '武平县', '350800', '0597', '3', '区'), ('350825', '连城县', '350800', '0597', '3', '区'), ('350881', '漳平市', '350800', '0597', '3', '区'), ('350900', '宁德市', '350000', '0593', '2', '市'), ('350902', '蕉城区', '350900', '0593', '3', '区'), ('350921', '霞浦县', '350900', '0593', '3', '区'), ('350922', '古田县', '350900', '0593', '3', '区'), ('350923', '屏南县', '350900', '0593', '3', '区'), ('350924', '寿宁县', '350900', '0593', '3', '区'), ('350925', '周宁县', '350900', '0593', '3', '区'), ('350926', '柘荣县', '350900', '0593', '3', '区'), ('350981', '福安市', '350900', '0593', '3', '区'), ('350982', '福鼎市', '350900', '0593', '3', '区'), ('360000', '江西省', '0', '', '1', '省'), ('360100', '南昌市', '360000', '0791', '2', '市'), ('360102', '东湖区', '360100', '0791', '3', '区'), ('360103', '西湖区', '360100', '0791', '3', '区'), ('360104', '青云谱区', '360100', '0791', '3', '区'), ('360105', '湾里区', '360100', '0791', '3', '区'), ('360111', '青山湖区', '360100', '0791', '3', '区'), ('360121', '南昌县', '360100', '0791', '3', '区'), ('360122', '新建县', '360100', '0791', '3', '区'), ('360123', '安义县', '360100', '0791', '3', '区'), ('360124', '进贤县', '360100', '0791', '3', '区'), ('360200', '景德镇市', '360000', '0798', '2', '市'), ('360202', '昌江区', '360200', '0798', '3', '区'), ('360203', '珠山区', '360200', '0798', '3', '区'), ('360222', '浮梁县', '360200', '0798', '3', '区'), ('360281', '乐平市', '360200', '0798', '3', '区'), ('360300', '萍乡市', '360000', '0799', '2', '市'), ('360302', '安源区', '360300', '0799', '3', '区'), ('360313', '湘东区', '360300', '0799', '3', '区'), ('360321', '莲花县', '360300', '0799', '3', '区'), ('360322', '上栗县', '360300', '0799', '3', '区'), ('360323', '芦溪县', '360300', '0799', '3', '区'), ('360400', '九江市', '360000', '0792', '2', '市'), ('360402', '庐山区', '360400', '0792', '3', '区'), ('360403', '浔阳区', '360400', '0792', '3', '区'), ('360421', '九江县', '360400', '0792', '3', '区'), ('360423', '武宁县', '360400', '0792', '3', '区'), ('360424', '修水县', '360400', '0792', '3', '区'), ('360425', '永修县', '360400', '0792', '3', '区'), ('360426', '德安县', '360400', '0792', '3', '区'), ('360427', '星子县', '360400', '0792', '3', '区'), ('360428', '都昌县', '360400', '0792', '3', '区'), ('360429', '湖口县', '360400', '0792', '3', '区'), ('360430', '彭泽县', '360400', '0792', '3', '区'), ('360481', '瑞昌市', '360400', '0792', '3', '区'), ('360482', '共青城市', '360400', '0792', '3', '区'), ('360500', '新余市', '360000', '0790', '2', '市'), ('360502', '渝水区', '360500', '0790', '3', '区'), ('360521', '分宜县', '360500', '0790', '3', '区'), ('360600', '鹰潭市', '360000', '0701', '2', '市'), ('360602', '月湖区', '360600', '0701', '3', '区'), ('360622', '余江县', '360600', '0701', '3', '区'), ('360681', '贵溪市', '360600', '0701', '3', '区'), ('360700', '赣州市', '360000', '0797', '2', '市'), ('360702', '章贡区', '360700', '0797', '3', '区'), ('360721', '赣县', '360700', '0797', '3', '区'), ('360722', '信丰县', '360700', '0797', '3', '区'), ('360723', '大余县', '360700', '0797', '3', '区'), ('360724', '上犹县', '360700', '0797', '3', '区'), ('360725', '崇义县', '360700', '0797', '3', '区'), ('360726', '安远县', '360700', '0797', '3', '区'), ('360727', '龙南县', '360700', '0797', '3', '区'), ('360728', '定南县', '360700', '0797', '3', '区'), ('360729', '全南县', '360700', '0797', '3', '区'), ('360730', '宁都县', '360700', '0797', '3', '区'), ('360731', '于都县', '360700', '0797', '3', '区'), ('360732', '兴国县', '360700', '0797', '3', '区'), ('360733', '会昌县', '360700', '0797', '3', '区'), ('360734', '寻乌县', '360700', '0797', '3', '区'), ('360735', '石城县', '360700', '0797', '3', '区'), ('360781', '瑞金市', '360700', '0797', '3', '区'), ('360782', '南康市', '360700', '0797', '3', '区'), ('360800', '吉安市', '360000', '0796', '2', '市'), ('360802', '吉州区', '360800', '0796', '3', '区'), ('360803', '青原区', '360800', '0796', '3', '区'), ('360821', '吉安县', '360800', '0796', '3', '区'), ('360822', '吉水县', '360800', '0796', '3', '区'), ('360823', '峡江县', '360800', '0796', '3', '区'), ('360824', '新干县', '360800', '0796', '3', '区'), ('360825', '永丰县', '360800', '0796', '3', '区'), ('360826', '泰和县', '360800', '0796', '3', '区'), ('360827', '遂川县', '360800', '0796', '3', '区'), ('360828', '万安县', '360800', '0796', '3', '区'), ('360829', '安福县', '360800', '0796', '3', '区'), ('360830', '永新县', '360800', '0796', '3', '区'), ('360881', '井冈山市', '360800', '0796', '3', '区'), ('360900', '宜春市', '360000', '0795', '2', '市'), ('360902', '袁州区', '360900', '0795', '3', '区'), ('360921', '奉新县', '360900', '0795', '3', '区'), ('360922', '万载县', '360900', '0795', '3', '区'), ('360923', '上高县', '360900', '0795', '3', '区'), ('360924', '宜丰县', '360900', '0795', '3', '区'), ('360925', '靖安县', '360900', '0795', '3', '区'), ('360926', '铜鼓县', '360900', '0795', '3', '区'), ('360981', '丰城市', '360900', '0795', '3', '区'), ('360982', '樟树市', '360900', '0795', '3', '区'), ('360983', '高安市', '360900', '0795', '3', '区'), ('361000', '抚州市', '360000', '0794', '2', '市'), ('361002', '临川区', '361000', '0794', '3', '区'), ('361021', '南城县', '361000', '0794', '3', '区'), ('361022', '黎川县', '361000', '0794', '3', '区'), ('361023', '南丰县', '361000', '0794', '3', '区'), ('361024', '崇仁县', '361000', '0794', '3', '区'), ('361025', '乐安县', '361000', '0794', '3', '区'), ('361026', '宜黄县', '361000', '0794', '3', '区'), ('361027', '金溪县', '361000', '0794', '3', '区'), ('361028', '资溪县', '361000', '0794', '3', '区'), ('361029', '东乡县', '361000', '0794', '3', '区'), ('361030', '广昌县', '361000', '0794', '3', '区'), ('361100', '上饶市', '360000', '0793', '2', '市'), ('361102', '信州区', '361100', '0793', '3', '区'), ('361121', '上饶县', '361100', '0793', '3', '区'), ('361122', '广丰县', '361100', '0793', '3', '区'), ('361123', '玉山县', '361100', '0793', '3', '区'), ('361124', '铅山县', '361100', '0793', '3', '区'), ('361125', '横峰县', '361100', '0793', '3', '区'), ('361126', '弋阳县', '361100', '0793', '3', '区'), ('361127', '余干县', '361100', '0793', '3', '区'), ('361128', '鄱阳县', '361100', '0793', '3', '区'), ('361129', '万年县', '361100', '0793', '3', '区'), ('361130', '婺源县', '361100', '0793', '3', '区'), ('361181', '德兴市', '361100', '0793', '3', '区'), ('370000', '山东省', '0', '', '1', '省'), ('370100', '济南市', '370000', '0531', '2', '市'), ('370102', '历下区', '370100', '0531', '3', '区'), ('370103', '市中区', '370100', '0531', '3', '区'), ('370104', '槐荫区', '370100', '0531', '3', '区'), ('370105', '天桥区', '370100', '0531', '3', '区'), ('370112', '历城区', '370100', '0531', '3', '区'), ('370113', '长清区', '370100', '0531', '3', '区'), ('370124', '平阴县', '370100', '0531', '3', '区'), ('370125', '济阳县', '370100', '0531', '3', '区'), ('370126', '商河县', '370100', '0531', '3', '区'), ('370181', '章丘市', '370100', '0531', '3', '区'), ('370200', '青岛市', '370000', '0532', '2', '市'), ('370202', '市南区', '370200', '0532', '3', '区'), ('370203', '市北区', '370200', '0532', '3', '区'), ('370205', '四方区', '370200', '0532', '3', '区'), ('370211', '黄岛区', '370200', '0532', '3', '区'), ('370212', '崂山区', '370200', '0532', '3', '区'), ('370213', '李沧区', '370200', '0532', '3', '区'), ('370214', '城阳区', '370200', '0532', '3', '区'), ('370281', '胶州市', '370200', '0532', '3', '区'), ('370282', '即墨市', '370200', '0532', '3', '区'), ('370283', '平度市', '370200', '0532', '3', '区'), ('370284', '胶南市', '370200', '0532', '3', '区'), ('370285', '莱西市', '370200', '0532', '3', '区'), ('370300', '淄博市', '370000', '0533', '2', '市'), ('370302', '淄川区', '370300', '0533', '3', '区'), ('370303', '张店区', '370300', '0533', '3', '区'), ('370304', '博山区', '370300', '0533', '3', '区'), ('370305', '临淄区', '370300', '0533', '3', '区'), ('370306', '周村区', '370300', '0533', '3', '区'), ('370321', '桓台县', '370300', '0533', '3', '区'), ('370322', '高青县', '370300', '0533', '3', '区'), ('370323', '沂源县', '370300', '0533', '3', '区');
INSERT INTO `ADDRESSLIST` VALUES ('370400', '枣庄市', '370000', '0632', '2', '市'), ('370402', '市中区', '370400', '0632', '3', '区'), ('370403', '薛城区', '370400', '0632', '3', '区'), ('370404', '峄城区', '370400', '0632', '3', '区'), ('370405', '台儿庄区', '370400', '0632', '3', '区'), ('370406', '山亭区', '370400', '0632', '3', '区'), ('370481', '滕州市', '370400', '0632', '3', '区'), ('370500', '东营市', '370000', '0546', '2', '市'), ('370502', '东营区', '370500', '0546', '3', '区'), ('370503', '河口区', '370500', '0546', '3', '区'), ('370521', '垦利县', '370500', '0546', '3', '区'), ('370522', '利津县', '370500', '0546', '3', '区'), ('370523', '广饶县', '370500', '0546', '3', '区'), ('370600', '烟台市', '370000', '0535', '2', '市'), ('370602', '芝罘区', '370600', '0535', '3', '区'), ('370611', '福山区', '370600', '0535', '3', '区'), ('370612', '牟平区', '370600', '0535', '3', '区'), ('370613', '莱山区', '370600', '0535', '3', '区'), ('370634', '长岛县', '370600', '0535', '3', '区'), ('370681', '龙口市', '370600', '0535', '3', '区'), ('370682', '莱阳市', '370600', '0535', '3', '区'), ('370683', '莱州市', '370600', '0535', '3', '区'), ('370684', '蓬莱市', '370600', '0535', '3', '区'), ('370685', '招远市', '370600', '0535', '3', '区'), ('370686', '栖霞市', '370600', '0535', '3', '区'), ('370687', '海阳市', '370600', '0535', '3', '区'), ('370700', '潍坊市', '370000', '0536', '2', '市'), ('370702', '潍城区', '370700', '0536', '3', '区'), ('370703', '寒亭区', '370700', '0536', '3', '区'), ('370704', '坊子区', '370700', '0536', '3', '区'), ('370705', '奎文区', '370700', '0536', '3', '区'), ('370724', '临朐县', '370700', '0536', '3', '区'), ('370725', '昌乐县', '370700', '0536', '3', '区'), ('370781', '青州市', '370700', '0536', '3', '区'), ('370782', '诸城市', '370700', '0536', '3', '区'), ('370783', '寿光市', '370700', '0536', '3', '区'), ('370784', '安丘市', '370700', '0536', '3', '区'), ('370785', '高密市', '370700', '0536', '3', '区'), ('370786', '昌邑市', '370700', '0536', '3', '区'), ('370800', '济宁市', '370000', '0537', '2', '市'), ('370802', '市中区', '370800', '0537', '3', '区'), ('370811', '任城区', '370800', '0537', '3', '区'), ('370826', '微山县', '370800', '0537', '3', '区'), ('370827', '鱼台县', '370800', '0537', '3', '区'), ('370828', '金乡县', '370800', '0537', '3', '区'), ('370829', '嘉祥县', '370800', '0537', '3', '区'), ('370830', '汶上县', '370800', '0537', '3', '区'), ('370831', '泗水县', '370800', '0537', '3', '区'), ('370832', '梁山县', '370800', '0537', '3', '区'), ('370881', '曲阜市', '370800', '0537', '3', '区'), ('370882', '兖州市', '370800', '0537', '3', '区'), ('370883', '邹城市', '370800', '0537', '3', '区'), ('370900', '泰安市', '370000', '0538', '2', '市'), ('370902', '泰山区', '370900', '0538', '3', '区'), ('370911', '岱岳区', '370900', '0538', '3', '区'), ('370921', '宁阳县', '370900', '0538', '3', '区'), ('370923', '东平县', '370900', '0538', '3', '区'), ('370982', '新泰市', '370900', '0538', '3', '区'), ('370983', '肥城市', '370900', '0538', '3', '区'), ('371000', '威海市', '370000', '0631', '2', '市'), ('371002', '环翠区', '371000', '0631', '3', '区'), ('371081', '文登市', '371000', '0631', '3', '区'), ('371082', '荣成市', '371000', '0631', '3', '区'), ('371083', '乳山市', '371000', '0631', '3', '区'), ('371100', '日照市', '370000', '0633', '2', '市'), ('371102', '东港区', '371100', '0633', '3', '区'), ('371103', '岚山区', '371100', '0633', '3', '区'), ('371121', '五莲县', '371100', '0633', '3', '区'), ('371122', '莒县', '371100', '0633', '3', '区'), ('371200', '莱芜市', '370000', '0634', '2', '市'), ('371202', '莱城区', '371200', '0634', '3', '区'), ('371203', '钢城区', '371200', '0634', '3', '区'), ('371300', '临沂市', '370000', '0539', '2', '市'), ('371302', '兰山区', '371300', '0539', '3', '区'), ('371311', '罗庄区', '371300', '0539', '3', '区'), ('371312', '河东区', '371300', '0539', '3', '区'), ('371321', '沂南县', '371300', '0539', '3', '区'), ('371322', '郯城县', '371300', '0539', '3', '区'), ('371323', '沂水县', '371300', '0539', '3', '区'), ('371324', '苍山县', '371300', '0539', '3', '区'), ('371325', '费县', '371300', '0539', '3', '区'), ('371326', '平邑县', '371300', '0539', '3', '区'), ('371327', '莒南县', '371300', '0539', '3', '区'), ('371328', '蒙阴县', '371300', '0539', '3', '区'), ('371329', '临沭县', '371300', '0539', '3', '区'), ('371400', '德州市', '370000', '0534', '2', '市'), ('371402', '德城区', '371400', '0534', '3', '区'), ('371421', '陵县', '371400', '0534', '3', '区'), ('371422', '宁津县', '371400', '0534', '3', '区'), ('371423', '庆云县', '371400', '0534', '3', '区'), ('371424', '临邑县', '371400', '0534', '3', '区'), ('371425', '齐河县', '371400', '0534', '3', '区'), ('371426', '平原县', '371400', '0534', '3', '区'), ('371427', '夏津县', '371400', '0534', '3', '区'), ('371428', '武城县', '371400', '0534', '3', '区'), ('371481', '乐陵市', '371400', '0534', '3', '区'), ('371482', '禹城市', '371400', '0534', '3', '区'), ('371500', '聊城市', '370000', '0635', '2', '市'), ('371502', '东昌府区', '371500', '0635', '3', '区'), ('371521', '阳谷县', '371500', '0635', '3', '区'), ('371522', '莘县', '371500', '0635', '3', '区'), ('371523', '茌平县', '371500', '0635', '3', '区'), ('371524', '东阿县', '371500', '0635', '3', '区'), ('371525', '冠县', '371500', '0635', '3', '区'), ('371526', '高唐县', '371500', '0635', '3', '区'), ('371581', '临清市', '371500', '0635', '3', '区'), ('371600', '滨州市', '370000', '0543', '2', '市'), ('371602', '滨城区', '371600', '0543', '3', '区'), ('371621', '惠民县', '371600', '0543', '3', '区'), ('371622', '阳信县', '371600', '0543', '3', '区'), ('371623', '无棣县', '371600', '0543', '3', '区'), ('371624', '沾化县', '371600', '0543', '3', '区'), ('371625', '博兴县', '371600', '0543', '3', '区'), ('371626', '邹平县', '371600', '0543', '3', '区'), ('371700', '菏泽市', '370000', '0530', '2', '市'), ('371702', '牡丹区', '371700', '0530', '3', '区'), ('371721', '曹县', '371700', '0530', '3', '区'), ('371722', '单县', '371700', '0530', '3', '区'), ('371723', '成武县', '371700', '0530', '3', '区'), ('371724', '巨野县', '371700', '0530', '3', '区'), ('371725', '郓城县', '371700', '0530', '3', '区'), ('371726', '鄄城县', '371700', '0530', '3', '区'), ('371727', '定陶县', '371700', '0530', '3', '区'), ('371728', '东明县', '371700', '0530', '3', '区'), ('410000', '河南省', '0', '', '1', '省'), ('410100', '郑州市', '410000', '0371', '2', '市'), ('410102', '中原区', '410100', '0371', '3', '区'), ('410103', '二七区', '410100', '0371', '3', '区'), ('410104', '管城回族区', '410100', '0371', '3', '区'), ('410105', '金水区', '410100', '0371', '3', '区'), ('410106', '上街区', '410100', '0371', '3', '区'), ('410108', '惠济区', '410100', '0371', '3', '区'), ('410122', '中牟县', '410100', '0371', '3', '区'), ('410181', '巩义市', '410100', '0371', '3', '区'), ('410182', '荥阳市', '410100', '0371', '3', '区'), ('410183', '新密市', '410100', '0371', '3', '区'), ('410184', '新郑市', '410100', '0371', '3', '区'), ('410185', '登封市', '410100', '0371', '3', '区'), ('410200', '开封市', '410000', '0378', '2', '市'), ('410202', '龙亭区', '410200', '0378', '3', '区'), ('410203', '顺河回族区', '410200', '0378', '3', '区'), ('410204', '鼓楼区', '410200', '0378', '3', '区'), ('410205', '禹王台区', '410200', '0378', '3', '区'), ('410211', '金明区', '410200', '0378', '3', '区'), ('410221', '杞县', '410200', '0378', '3', '区'), ('410222', '通许县', '410200', '0378', '3', '区'), ('410223', '尉氏县', '410200', '0378', '3', '区'), ('410224', '开封县', '410200', '0378', '3', '区'), ('410225', '兰考县', '410200', '0378', '3', '区'), ('410300', '洛阳市', '410000', '0379', '2', '市'), ('410302', '老城区', '410300', '0379', '3', '区'), ('410303', '西工区', '410300', '0379', '3', '区'), ('410304', '瀍河回族区', '410300', '0379', '3', '区'), ('410305', '涧西区', '410300', '0379', '3', '区'), ('410306', '吉利区', '410300', '0379', '3', '区'), ('410311', '洛龙区', '410300', '0379', '3', '区'), ('410322', '孟津县', '410300', '0379', '3', '区'), ('410323', '新安县', '410300', '0379', '3', '区'), ('410324', '栾川县', '410300', '0379', '3', '区'), ('410325', '嵩县', '410300', '0379', '3', '区'), ('410326', '汝阳县', '410300', '0379', '3', '区'), ('410327', '宜阳县', '410300', '0379', '3', '区'), ('410328', '洛宁县', '410300', '0379', '3', '区'), ('410329', '伊川县', '410300', '0379', '3', '区'), ('410381', '偃师市', '410300', '0379', '3', '区'), ('410400', '平顶山市', '410000', '0375', '2', '市'), ('410402', '新华区', '410400', '0375', '3', '区'), ('410403', '卫东区', '410400', '0375', '3', '区'), ('410404', '石龙区', '410400', '0375', '3', '区'), ('410411', '湛河区', '410400', '0375', '3', '区'), ('410421', '宝丰县', '410400', '0375', '3', '区'), ('410422', '叶县', '410400', '0375', '3', '区'), ('410423', '鲁山县', '410400', '0375', '3', '区'), ('410425', '郏县', '410400', '0375', '3', '区'), ('410481', '舞钢市', '410400', '0375', '3', '区'), ('410482', '汝州市', '410400', '0375', '3', '区'), ('410500', '安阳市', '410000', '0372', '2', '市'), ('410502', '文峰区', '410500', '0372', '3', '区'), ('410503', '北关区', '410500', '0372', '3', '区'), ('410505', '殷都区', '410500', '0372', '3', '区'), ('410506', '龙安区', '410500', '0372', '3', '区'), ('410522', '安阳县', '410500', '0372', '3', '区'), ('410523', '汤阴县', '410500', '0372', '3', '区'), ('410526', '滑县', '410500', '0372', '3', '区'), ('410527', '内黄县', '410500', '0372', '3', '区'), ('410581', '林州市', '410500', '0372', '3', '区'), ('410600', '鹤壁市', '410000', '0392', '2', '市'), ('410602', '鹤山区', '410600', '0392', '3', '区'), ('410603', '山城区', '410600', '0392', '3', '区'), ('410611', '淇滨区', '410600', '0392', '3', '区'), ('410621', '浚县', '410600', '0392', '3', '区'), ('410622', '淇县', '410600', '0392', '3', '区'), ('410700', '新乡市', '410000', '0373', '2', '市'), ('410702', '红旗区', '410700', '0373', '3', '区'), ('410703', '卫滨区', '410700', '0373', '3', '区'), ('410704', '凤泉区', '410700', '0373', '3', '区'), ('410711', '牧野区', '410700', '0373', '3', '区'), ('410721', '新乡县', '410700', '0373', '3', '区'), ('410724', '获嘉县', '410700', '0373', '3', '区'), ('410725', '原阳县', '410700', '0373', '3', '区'), ('410726', '延津县', '410700', '0373', '3', '区'), ('410727', '封丘县', '410700', '0373', '3', '区'), ('410728', '长垣县', '410700', '0373', '3', '区'), ('410781', '卫辉市', '410700', '0373', '3', '区'), ('410782', '辉县市', '410700', '0373', '3', '区'), ('410800', '焦作市', '410000', '0391', '2', '市'), ('410802', '解放区', '410800', '0391', '3', '区'), ('410803', '中站区', '410800', '0391', '3', '区'), ('410804', '马村区', '410800', '0391', '3', '区'), ('410811', '山阳区', '410800', '0391', '3', '区'), ('410821', '修武县', '410800', '0391', '3', '区'), ('410822', '博爱县', '410800', '0391', '3', '区'), ('410823', '武陟县', '410800', '0391', '3', '区'), ('410825', '温县', '410800', '0391', '3', '区'), ('410882', '沁阳市', '410800', '0391', '3', '区'), ('410883', '孟州市', '410800', '0391', '3', '区'), ('410900', '濮阳市', '410000', '0393', '2', '市'), ('410902', '华龙区', '410900', '0393', '3', '区'), ('410922', '清丰县', '410900', '0393', '3', '区'), ('410923', '南乐县', '410900', '0393', '3', '区'), ('410926', '范县', '410900', '0393', '3', '区'), ('410927', '台前县', '410900', '0393', '3', '区'), ('410928', '濮阳县', '410900', '0393', '3', '区'), ('411000', '许昌市', '410000', '0374', '2', '市'), ('411002', '魏都区', '411000', '0374', '3', '区'), ('411023', '许昌县', '411000', '0374', '3', '区'), ('411024', '鄢陵县', '411000', '0374', '3', '区'), ('411025', '襄城县', '411000', '0374', '3', '区'), ('411081', '禹州市', '411000', '0374', '3', '区'), ('411082', '长葛市', '411000', '0374', '3', '区'), ('411100', '漯河市', '410000', '0395', '2', '市'), ('411102', '源汇区', '411100', '0395', '3', '区'), ('411103', '郾城区', '411100', '0395', '3', '区'), ('411104', '召陵区', '411100', '0395', '3', '区'), ('411121', '舞阳县', '411100', '0395', '3', '区'), ('411122', '临颍县', '411100', '0395', '3', '区'), ('411200', '三门峡市', '410000', '0398', '2', '市'), ('411202', '湖滨区', '411200', '0398', '3', '区'), ('411221', '渑池县', '411200', '0398', '3', '区'), ('411222', '陕县', '411200', '0398', '3', '区'), ('411224', '卢氏县', '411200', '0398', '3', '区'), ('411281', '义马市', '411200', '0398', '3', '区'), ('411282', '灵宝市', '411200', '0398', '3', '区'), ('411300', '南阳市', '410000', '0377', '2', '市'), ('411302', '宛城区', '411300', '0377', '3', '区'), ('411303', '卧龙区', '411300', '0377', '3', '区'), ('411321', '南召县', '411300', '0377', '3', '区'), ('411322', '方城县', '411300', '0377', '3', '区'), ('411323', '西峡县', '411300', '0377', '3', '区'), ('411324', '镇平县', '411300', '0377', '3', '区'), ('411325', '内乡县', '411300', '0377', '3', '区'), ('411326', '淅川县', '411300', '0377', '3', '区'), ('411327', '社旗县', '411300', '0377', '3', '区'), ('411328', '唐河县', '411300', '0377', '3', '区'), ('411329', '新野县', '411300', '0377', '3', '区'), ('411330', '桐柏县', '411300', '0377', '3', '区'), ('411381', '邓州市', '411300', '0377', '3', '区'), ('411400', '商丘市', '410000', '0370', '2', '市'), ('411402', '梁园区', '411400', '0370', '3', '区'), ('411403', '睢阳区', '411400', '0370', '3', '区'), ('411421', '民权县', '411400', '0370', '3', '区'), ('411422', '睢县', '411400', '0370', '3', '区'), ('411423', '宁陵县', '411400', '0370', '3', '区'), ('411424', '柘城县', '411400', '0370', '3', '区'), ('411425', '虞城县', '411400', '0370', '3', '区'), ('411426', '夏邑县', '411400', '0370', '3', '区'), ('411481', '永城市', '411400', '0370', '3', '区'), ('411500', '信阳市', '410000', '0376', '2', '市'), ('411502', '浉河区', '411500', '0376', '3', '区'), ('411503', '平桥区', '411500', '0376', '3', '区'), ('411521', '罗山县', '411500', '0376', '3', '区'), ('411522', '光山县', '411500', '0376', '3', '区'), ('411523', '新县', '411500', '0376', '3', '区'), ('411524', '商城县', '411500', '0376', '3', '区'), ('411525', '固始县', '411500', '0376', '3', '区'), ('411526', '潢川县', '411500', '0376', '3', '区'), ('411527', '淮滨县', '411500', '0376', '3', '区'), ('411528', '息县', '411500', '0376', '3', '区'), ('411600', '周口市', '410000', '0394', '2', '市'), ('411602', '川汇区', '411600', '0394', '3', '区'), ('411621', '扶沟县', '411600', '0394', '3', '区'), ('411622', '西华县', '411600', '0394', '3', '区'), ('411623', '商水县', '411600', '0394', '3', '区'), ('411624', '沈丘县', '411600', '0394', '3', '区'), ('411625', '郸城县', '411600', '0394', '3', '区'), ('411626', '淮阳县', '411600', '0394', '3', '区'), ('411627', '太康县', '411600', '0394', '3', '区'), ('411628', '鹿邑县', '411600', '0394', '3', '区'), ('411681', '项城市', '411600', '0394', '3', '区'), ('411700', '驻马店市', '410000', '0396', '2', '市'), ('411702', '驿城区', '411700', '0396', '3', '区'), ('411721', '西平县', '411700', '0396', '3', '区'), ('411722', '上蔡县', '411700', '0396', '3', '区'), ('411723', '平舆县', '411700', '0396', '3', '区'), ('411724', '正阳县', '411700', '0396', '3', '区'), ('411725', '确山县', '411700', '0396', '3', '区'), ('411726', '泌阳县', '411700', '0396', '3', '区'), ('411727', '汝南县', '411700', '0396', '3', '区'), ('411728', '遂平县', '411700', '0396', '3', '区'), ('411729', '新蔡县', '411700', '0396', '3', '区'), ('419000', '省直辖', '410000', '', '2', '市'), ('419001', '济源市', '419000', '0391', '3', '区'), ('420000', '湖北省', '0', '', '1', '省'), ('420100', '武汉市', '420000', '027', '2', '市'), ('420102', '江岸区', '420100', '027', '3', '区'), ('420103', '江汉区', '420100', '0728', '3', '区'), ('420104', '硚口区', '420100', '027', '3', '区'), ('420105', '汉阳区', '420100', '027', '3', '区'), ('420106', '武昌区', '420100', '027', '3', '区'), ('420107', '青山区', '420100', '027', '3', '区'), ('420111', '洪山区', '420100', '027', '3', '区'), ('420112', '东西湖区', '420100', '027', '3', '区'), ('420113', '汉南区', '420100', '027', '3', '区'), ('420114', '蔡甸区', '420100', '027', '3', '区'), ('420115', '江夏区', '420100', '027', '3', '区'), ('420116', '黄陂区', '420100', '027', '3', '区'), ('420117', '新洲区', '420100', '027', '3', '区'), ('420200', '黄石市', '420000', '0714', '2', '市'), ('420202', '黄石港区', '420200', '0714', '3', '区'), ('420203', '西塞山区', '420200', '0714', '3', '区'), ('420204', '下陆区', '420200', '0714', '3', '区'), ('420205', '铁山区', '420200', '0714', '3', '区'), ('420222', '阳新县', '420200', '0714', '3', '区'), ('420281', '大冶市', '420200', '0714', '3', '区'), ('420300', '十堰市', '420000', '0719', '2', '市'), ('420302', '茅箭区', '420300', '0719', '3', '区'), ('420303', '张湾区', '420300', '0719', '3', '区'), ('420321', '郧县', '420300', '0719', '3', '区'), ('420322', '郧西县', '420300', '0719', '3', '区'), ('420323', '竹山县', '420300', '0719', '3', '区'), ('420324', '竹溪县', '420300', '0719', '3', '区'), ('420325', '房县', '420300', '0719', '3', '区'), ('420381', '丹江口市', '420300', '0719', '3', '区'), ('420500', '宜昌市', '420000', '0717', '2', '市'), ('420502', '西陵区', '420500', '0717', '3', '区'), ('420503', '伍家岗区', '420500', '0717', '3', '区'), ('420504', '点军区', '420500', '0717', '3', '区'), ('420505', '猇亭区', '420500', '0717', '3', '区'), ('420506', '夷陵区', '420500', '0717', '3', '区'), ('420525', '远安县', '420500', '0717', '3', '区'), ('420526', '兴山县', '420500', '0717', '3', '区'), ('420527', '秭归县', '420500', '0717', '3', '区'), ('420528', '长阳土家族自治县', '420500', '0717', '3', '区'), ('420529', '五峰土家族自治县', '420500', '0717', '3', '区'), ('420581', '宜都市', '420500', '0717', '3', '区'), ('420582', '当阳市', '420500', '0717', '3', '区'), ('420583', '枝江市', '420500', '0717', '3', '区'), ('420600', '襄阳市', '420000', '0710', '2', '市'), ('420602', '襄城区', '420600', '0710', '3', '区'), ('420606', '樊城区', '420600', '0710', '3', '区'), ('420607', '襄州区', '420600', '0710', '3', '区'), ('420624', '南漳县', '420600', '0710', '3', '区'), ('420625', '谷城县', '420600', '0710', '3', '区'), ('420626', '保康县', '420600', '0710', '3', '区'), ('420682', '老河口市', '420600', '0710', '3', '区'), ('420683', '枣阳市', '420600', '0710', '3', '区'), ('420684', '宜城市', '420600', '0710', '3', '区'), ('420700', '鄂州市', '420000', '0711', '2', '市'), ('420702', '梁子湖区', '420700', '0711', '3', '区'), ('420703', '华容区', '420700', '0711', '3', '区'), ('420704', '鄂城区', '420700', '0711', '3', '区'), ('420800', '荆门市', '420000', '0724', '2', '市'), ('420802', '东宝区', '420800', '0724', '3', '区'), ('420804', '掇刀区', '420800', '0724', '3', '区'), ('420821', '京山县', '420800', '0724', '3', '区'), ('420822', '沙洋县', '420800', '0724', '3', '区'), ('420881', '钟祥市', '420800', '0724', '3', '区'), ('420900', '孝感市', '420000', '0712', '2', '市'), ('420902', '孝南区', '420900', '0712', '3', '区'), ('420921', '孝昌县', '420900', '0712', '3', '区'), ('420922', '大悟县', '420900', '0712', '3', '区'), ('420923', '云梦县', '420900', '0712', '3', '区'), ('420981', '应城市', '420900', '0712', '3', '区'), ('420982', '安陆市', '420900', '0712', '3', '区'), ('420984', '汉川市', '420900', '0712', '3', '区'), ('421000', '荆州市', '420000', '0716', '2', '市'), ('421002', '沙市区', '421000', '0716', '3', '区'), ('421003', '荆州区', '421000', '0716', '3', '区'), ('421022', '公安县', '421000', '0716', '3', '区'), ('421023', '监利县', '421000', '0716', '3', '区'), ('421024', '江陵县', '421000', '0716', '3', '区'), ('421081', '石首市', '421000', '0716', '3', '区'), ('421083', '洪湖市', '421000', '0716', '3', '区'), ('421087', '松滋市', '421000', '0716', '3', '区'), ('421100', '黄冈市', '420000', '0713', '2', '市'), ('421102', '黄州区', '421100', '0713', '3', '区'), ('421121', '团风县', '421100', '0713', '3', '区'), ('421122', '红安县', '421100', '0713', '3', '区'), ('421123', '罗田县', '421100', '0713', '3', '区'), ('421124', '英山县', '421100', '0713', '3', '区'), ('421125', '浠水县', '421100', '0713', '3', '区'), ('421126', '蕲春县', '421100', '0713', '3', '区'), ('421127', '黄梅县', '421100', '0713', '3', '区'), ('421181', '麻城市', '421100', '0713', '3', '区'), ('421182', '武穴市', '421100', '0713', '3', '区'), ('421200', '咸宁市', '420000', '0715', '2', '市'), ('421202', '咸安区', '421200', '0715', '3', '区'), ('421221', '嘉鱼县', '421200', '0715', '3', '区'), ('421222', '通城县', '421200', '0715', '3', '区'), ('421223', '崇阳县', '421200', '0715', '3', '区'), ('421224', '通山县', '421200', '0715', '3', '区'), ('421281', '赤壁市', '421200', '0715', '3', '区'), ('421300', '随州市', '420000', '0722', '2', '市'), ('421303', '曾都区', '421300', '0722', '3', '区'), ('421321', '随县', '421300', '0722', '3', '区'), ('421381', '广水市', '421300', '0722', '3', '区'), ('422800', '恩施土家族苗族自治州', '420000', '0718', '2', '市'), ('422801', '恩施市', '422800', '0718', '3', '区'), ('422802', '利川市', '422800', '0718', '3', '区'), ('422822', '建始县', '422800', '0718', '3', '区'), ('422823', '巴东县', '422800', '0718', '3', '区'), ('422825', '宣恩县', '422800', '0718', '3', '区'), ('422826', '咸丰县', '422800', '0718', '3', '区'), ('422827', '来凤县', '422800', '0718', '3', '区'), ('422828', '鹤峰县', '422800', '0718', '3', '区'), ('429000', '省直辖', '420000', '', '2', '市'), ('429004', '仙桃市', '429000', '0728', '3', '区'), ('429005', '潜江市', '429000', '0728', '3', '区'), ('429006', '天门市', '429000', '0728', '3', '区'), ('429021', '神农架林区', '429000', '0719', '3', '区'), ('430000', '湖南省', '0', '', '1', '省'), ('430100', '长沙市', '430000', '0731', '2', '市'), ('430102', '芙蓉区', '430100', '0731', '3', '区'), ('430103', '天心区', '430100', '0731', '3', '区'), ('430104', '岳麓区', '430100', '0731', '3', '区'), ('430105', '开福区', '430100', '0731', '3', '区'), ('430111', '雨花区', '430100', '0731', '3', '区'), ('430112', '望城区', '430100', '0731', '3', '区'), ('430121', '长沙县', '430100', '0731', '3', '区'), ('430124', '宁乡县', '430100', '0731', '3', '区'), ('430181', '浏阳市', '430100', '0731', '3', '区'), ('430200', '株洲市', '430000', '0733', '2', '市'), ('430202', '荷塘区', '430200', '0733', '3', '区'), ('430203', '芦淞区', '430200', '0733', '3', '区'), ('430204', '石峰区', '430200', '0733', '3', '区'), ('430211', '天元区', '430200', '0733', '3', '区'), ('430221', '株洲县', '430200', '0733', '3', '区'), ('430223', '攸县', '430200', '0733', '3', '区'), ('430224', '茶陵县', '430200', '0733', '3', '区'), ('430225', '炎陵县', '430200', '0733', '3', '区'), ('430281', '醴陵市', '430200', '0733', '3', '区'), ('430300', '湘潭市', '430000', '0732', '2', '市'), ('430302', '雨湖区', '430300', '0732', '3', '区'), ('430304', '岳塘区', '430300', '0732', '3', '区'), ('430321', '湘潭县', '430300', '0732', '3', '区'), ('430381', '湘乡市', '430300', '0732', '3', '区'), ('430382', '韶山市', '430300', '0732', '3', '区'), ('430400', '衡阳市', '430000', '0734', '2', '市'), ('430405', '珠晖区', '430400', '0734', '3', '区'), ('430406', '雁峰区', '430400', '0734', '3', '区'), ('430407', '石鼓区', '430400', '0734', '3', '区'), ('430408', '蒸湘区', '430400', '0734', '3', '区'), ('430412', '南岳区', '430400', '0734', '3', '区'), ('430421', '衡阳县', '430400', '0734', '3', '区'), ('430422', '衡南县', '430400', '0734', '3', '区'), ('430423', '衡山县', '430400', '0734', '3', '区'), ('430424', '衡东县', '430400', '0734', '3', '区'), ('430426', '祁东县', '430400', '0734', '3', '区'), ('430481', '耒阳市', '430400', '0734', '3', '区'), ('430482', '常宁市', '430400', '0734', '3', '区'), ('430500', '邵阳市', '430000', '0739', '2', '市'), ('430502', '双清区', '430500', '0739', '3', '区'), ('430503', '大祥区', '430500', '0739', '3', '区'), ('430511', '北塔区', '430500', '0739', '3', '区'), ('430521', '邵东县', '430500', '0739', '3', '区'), ('430522', '新邵县', '430500', '0739', '3', '区'), ('430523', '邵阳县', '430500', '0739', '3', '区'), ('430524', '隆回县', '430500', '0739', '3', '区'), ('430525', '洞口县', '430500', '0739', '3', '区'), ('430527', '绥宁县', '430500', '0739', '3', '区'), ('430528', '新宁县', '430500', '0739', '3', '区'), ('430529', '城步苗族自治县', '430500', '0739', '3', '区'), ('430581', '武冈市', '430500', '0739', '3', '区'), ('430600', '岳阳市', '430000', '0730', '2', '市'), ('430602', '岳阳楼区', '430600', '0730', '3', '区'), ('430603', '云溪区', '430600', '0730', '3', '区'), ('430611', '君山区', '430600', '0730', '3', '区'), ('430621', '岳阳县', '430600', '0730', '3', '区'), ('430623', '华容县', '430600', '0730', '3', '区'), ('430624', '湘阴县', '430600', '0730', '3', '区'), ('430626', '平江县', '430600', '0730', '3', '区'), ('430681', '汨罗市', '430600', '0730', '3', '区'), ('430682', '临湘市', '430600', '0730', '3', '区'), ('430700', '常德市', '430000', '0736', '2', '市'), ('430702', '武陵区', '430700', '0736', '3', '区'), ('430703', '鼎城区', '430700', '0736', '3', '区'), ('430721', '安乡县', '430700', '0736', '3', '区'), ('430722', '汉寿县', '430700', '0736', '3', '区'), ('430723', '澧县', '430700', '0736', '3', '区'), ('430724', '临澧县', '430700', '0736', '3', '区'), ('430725', '桃源县', '430700', '0736', '3', '区'), ('430726', '石门县', '430700', '0736', '3', '区'), ('430781', '津市市', '430700', '0736', '3', '区'), ('430800', '张家界市', '430000', '0744', '2', '市'), ('430802', '永定区', '430800', '0744', '3', '区'), ('430811', '武陵源区', '430800', '0744', '3', '区'), ('430821', '慈利县', '430800', '0744', '3', '区'), ('430822', '桑植县', '430800', '0744', '3', '区'), ('430900', '益阳市', '430000', '0737', '2', '市'), ('430902', '资阳区', '430900', '0737', '3', '区'), ('430903', '赫山区', '430900', '0737', '3', '区'), ('430921', '南县', '430900', '0737', '3', '区'), ('430922', '桃江县', '430900', '0737', '3', '区'), ('430923', '安化县', '430900', '0737', '3', '区'), ('430981', '沅江市', '430900', '0737', '3', '区'), ('431000', '郴州市', '430000', '0735', '2', '市'), ('431002', '北湖区', '431000', '0735', '3', '区'), ('431003', '苏仙区', '431000', '0735', '3', '区'), ('431021', '桂阳县', '431000', '0735', '3', '区'), ('431022', '宜章县', '431000', '0735', '3', '区'), ('431023', '永兴县', '431000', '0735', '3', '区'), ('431024', '嘉禾县', '431000', '0735', '3', '区'), ('431025', '临武县', '431000', '0735', '3', '区'), ('431026', '汝城县', '431000', '0735', '3', '区'), ('431027', '桂东县', '431000', '0735', '3', '区'), ('431028', '安仁县', '431000', '0735', '3', '区'), ('431081', '资兴市', '431000', '0735', '3', '区'), ('431100', '永州市', '430000', '0746', '2', '市'), ('431102', '零陵区', '431100', '0746', '3', '区'), ('431103', '冷水滩区', '431100', '0746', '3', '区'), ('431121', '祁阳县', '431100', '0746', '3', '区'), ('431122', '东安县', '431100', '0746', '3', '区'), ('431123', '双牌县', '431100', '0746', '3', '区'), ('431124', '道县', '431100', '0746', '3', '区'), ('431125', '江永县', '431100', '0746', '3', '区'), ('431126', '宁远县', '431100', '0746', '3', '区'), ('431127', '蓝山县', '431100', '0746', '3', '区'), ('431128', '新田县', '431100', '0746', '3', '区'), ('431129', '江华瑶族自治县', '431100', '0746', '3', '区'), ('431200', '怀化市', '430000', '0745', '2', '市'), ('431202', '鹤城区', '431200', '0745', '3', '区'), ('431221', '中方县', '431200', '0745', '3', '区'), ('431222', '沅陵县', '431200', '0745', '3', '区'), ('431223', '辰溪县', '431200', '0745', '3', '区'), ('431224', '溆浦县', '431200', '0745', '3', '区'), ('431225', '会同县', '431200', '0745', '3', '区'), ('431226', '麻阳苗族自治县', '431200', '0745', '3', '区'), ('431227', '新晃侗族自治县', '431200', '0745', '3', '区'), ('431228', '芷江侗族自治县', '431200', '0745', '3', '区'), ('431229', '靖州苗族侗族自治县', '431200', '0745', '3', '区'), ('431230', '通道侗族自治县', '431200', '0745', '3', '区'), ('431281', '洪江市', '431200', '0745', '3', '区'), ('431300', '娄底市', '430000', '0738', '2', '市'), ('431302', '娄星区', '431300', '0738', '3', '区'), ('431321', '双峰县', '431300', '0738', '3', '区'), ('431322', '新化县', '431300', '0738', '3', '区'), ('431381', '冷水江市', '431300', '0738', '3', '区'), ('431382', '涟源市', '431300', '0738', '3', '区'), ('433100', '湘西土家族苗族自治州', '430000', '0743', '2', '市'), ('433101', '吉首市', '433100', '0743', '3', '区'), ('433122', '泸溪县', '433100', '0743', '3', '区'), ('433123', '凤凰县', '433100', '0743', '3', '区'), ('433124', '花垣县', '433100', '0743', '3', '区'), ('433125', '保靖县', '433100', '0743', '3', '区'), ('433126', '古丈县', '433100', '0743', '3', '区'), ('433127', '永顺县', '433100', '0743', '3', '区'), ('433130', '龙山县', '433100', '0743', '3', '区'), ('440000', '广东省', '0', '', '1', '省'), ('440100', '广州市', '440000', '020', '2', '市'), ('440103', '荔湾区', '440100', '020', '3', '区'), ('440104', '越秀区', '440100', '020', '3', '区'), ('440105', '海珠区', '440100', '020', '3', '区'), ('440106', '天河区', '440100', '020', '3', '区'), ('440111', '白云区', '440100', '020', '3', '区'), ('440112', '黄埔区', '440100', '020', '3', '区'), ('440113', '番禺区', '440100', '020', '3', '区'), ('440114', '花都区', '440100', '020', '3', '区'), ('440115', '南沙区', '440100', '020', '3', '区'), ('440116', '萝岗区', '440100', '020', '3', '区'), ('440183', '增城市', '440100', '020', '3', '区'), ('440184', '从化市', '440100', '020', '3', '区'), ('440200', '韶关市', '440000', '0751', '2', '市'), ('440203', '武江区', '440200', '0751', '3', '区'), ('440204', '浈江区', '440200', '0751', '3', '区'), ('440205', '曲江区', '440200', '0751', '3', '区'), ('440222', '始兴县', '440200', '0751', '3', '区'), ('440224', '仁化县', '440200', '0751', '3', '区'), ('440229', '翁源县', '440200', '0751', '3', '区'), ('440232', '乳源瑶族自治县', '440200', '0751', '3', '区'), ('440233', '新丰县', '440200', '0751', '3', '区'), ('440281', '乐昌市', '440200', '0751', '3', '区'), ('440282', '南雄市', '440200', '0751', '3', '区'), ('440300', '深圳市', '440000', '0755', '2', '市'), ('440303', '罗湖区', '440300', '0755', '3', '区'), ('440304', '福田区', '440300', '0755', '3', '区'), ('440305', '南山区', '440300', '0755', '3', '区'), ('440306', '宝安区', '440300', '0755', '3', '区'), ('440307', '龙岗区', '440300', '0755', '3', '区'), ('440308', '盐田区', '440300', '0755', '3', '区'), ('440400', '珠海市', '440000', '0756', '2', '市'), ('440402', '香洲区', '440400', '0756', '3', '区'), ('440403', '斗门区', '440400', '0756', '3', '区'), ('440404', '金湾区', '440400', '0756', '3', '区'), ('440500', '汕头市', '440000', '0754', '2', '市'), ('440507', '龙湖区', '440500', '0754', '3', '区'), ('440511', '金平区', '440500', '0754', '3', '区'), ('440512', '濠江区', '440500', '0754', '3', '区'), ('440513', '潮阳区', '440500', '0661', '3', '区'), ('440514', '潮南区', '440500', '0754', '3', '区'), ('440515', '澄海区', '440500', '0754', '3', '区'), ('440523', '南澳县', '440500', '0754', '3', '区'), ('440600', '佛山市', '440000', '0757', '2', '市'), ('440604', '禅城区', '440600', '0757', '3', '区'), ('440605', '南海区', '440600', '0757', '3', '区'), ('440606', '顺德区', '440600', '0765', '3', '区'), ('440607', '三水区', '440600', '0757', '3', '区'), ('440608', '高明区', '440600', '0757', '3', '区'), ('440700', '江门市', '440000', '0750', '2', '市'), ('440703', '蓬江区', '440700', '0750', '3', '区'), ('440704', '江海区', '440700', '0750', '3', '区'), ('440705', '新会区', '440700', '0750', '3', '区'), ('440781', '台山市', '440700', '0750', '3', '区'), ('440783', '开平市', '440700', '0750', '3', '区'), ('440784', '鹤山市', '440700', '0750', '3', '区'), ('440785', '恩平市', '440700', '0750', '3', '区'), ('440800', '湛江市', '440000', '0759', '2', '市'), ('440802', '赤坎区', '440800', '0759', '3', '区'), ('440803', '霞山区', '440800', '0759', '3', '区'), ('440804', '坡头区', '440800', '0759', '3', '区'), ('440811', '麻章区', '440800', '0759', '3', '区'), ('440823', '遂溪县', '440800', '0759', '3', '区'), ('440825', '徐闻县', '440800', '0759', '3', '区'), ('440881', '廉江市', '440800', '0759', '3', '区'), ('440882', '雷州市', '440800', '0759', '3', '区'), ('440883', '吴川市', '440800', '0759', '3', '区'), ('440900', '茂名市', '440000', '0668', '2', '市'), ('440902', '茂南区', '440900', '0668', '3', '区'), ('440903', '茂港区', '440900', '0668', '3', '区'), ('440923', '电白县', '440900', '0668', '3', '区'), ('440981', '高州市', '440900', '0668', '3', '区'), ('440982', '化州市', '440900', '0668', '3', '区'), ('440983', '信宜市', '440900', '0668', '3', '区'), ('441200', '肇庆市', '440000', '0758', '2', '市'), ('441202', '端州区', '441200', '0758', '3', '区'), ('441203', '鼎湖区', '441200', '0758', '3', '区'), ('441223', '广宁县', '441200', '0758', '3', '区'), ('441224', '怀集县', '441200', '0758', '3', '区'), ('441225', '封开县', '441200', '0758', '3', '区'), ('441226', '德庆县', '441200', '0758', '3', '区'), ('441283', '高要市', '441200', '0758', '3', '区'), ('441284', '四会市', '441200', '0758', '3', '区'), ('441300', '惠州市', '440000', '0752', '2', '市'), ('441302', '惠城区', '441300', '0752', '3', '区'), ('441303', '惠阳区', '441300', '0752', '3', '区'), ('441322', '博罗县', '441300', '0752', '3', '区'), ('441323', '惠东县', '441300', '0752', '3', '区'), ('441324', '龙门县', '441300', '0752', '3', '区'), ('441400', '梅州市', '440000', '0753', '2', '市'), ('441402', '梅江区', '441400', '0753', '3', '区'), ('441421', '梅县', '441400', '0753', '3', '区'), ('441422', '大埔县', '441400', '0753', '3', '区'), ('441423', '丰顺县', '441400', '0753', '3', '区'), ('441424', '五华县', '441400', '0753', '3', '区'), ('441426', '平远县', '441400', '0753', '3', '区'), ('441427', '蕉岭县', '441400', '0753', '3', '区'), ('441481', '兴宁市', '441400', '0753', '3', '区'), ('441500', '汕尾市', '440000', '0660', '2', '市'), ('441502', '城区', '441500', '0660', '3', '区'), ('441521', '海丰县', '441500', '0660', '3', '区'), ('441523', '陆河县', '441500', '0660', '3', '区'), ('441581', '陆丰市', '441500', '0660', '3', '区'), ('441600', '河源市', '440000', '0762', '2', '市'), ('441602', '源城区', '441600', '0762', '3', '区'), ('441621', '紫金县', '441600', '0762', '3', '区'), ('441622', '龙川县', '441600', '0762', '3', '区'), ('441623', '连平县', '441600', '0762', '3', '区'), ('441624', '和平县', '441600', '0762', '3', '区'), ('441625', '东源县', '441600', '0762', '3', '区'), ('441700', '阳江市', '440000', '0662', '2', '市'), ('441702', '江城区', '441700', '0662', '3', '区'), ('441721', '阳西县', '441700', '0662', '3', '区'), ('441723', '阳东县', '441700', '0662', '3', '区'), ('441781', '阳春市', '441700', '0662', '3', '区'), ('441800', '清远市', '440000', '0763', '2', '市'), ('441802', '清城区', '441800', '0763', '3', '区'), ('441821', '佛冈县', '441800', '0763', '3', '区'), ('441823', '阳山县', '441800', '0763', '3', '区'), ('441825', '连山壮族瑶族自治县', '441800', '0763', '3', '区'), ('441826', '连南瑶族自治县', '441800', '0763', '3', '区'), ('441827', '清新县', '441800', '0763', '3', '区'), ('441881', '英德市', '441800', '0763', '3', '区'), ('441882', '连州市', '441800', '0763', '3', '区'), ('441900', '东莞市', '440000', '0769', '2', '市'), ('441901', '东莞市', '441900', '0769', '3', '区'), ('442000', '中山市', '440000', '0760', '2', '市'), ('442001', '中山市', '442000', '0760', '3', '区'), ('445100', '潮州市', '440000', '0768', '2', '市'), ('445102', '湘桥区', '445100', '0768', '3', '区'), ('445121', '潮安县', '445100', '0768', '3', '区'), ('445122', '饶平县', '445100', '0768', '3', '区'), ('445200', '揭阳市', '440000', '0663', '2', '市'), ('445202', '榕城区', '445200', '0663', '3', '区'), ('445221', '揭东县', '445200', '0663', '3', '区'), ('445222', '揭西县', '445200', '0663', '3', '区'), ('445224', '惠来县', '445200', '0663', '3', '区'), ('445281', '普宁市', '445200', '0663', '3', '区'), ('445300', '云浮市', '440000', '0766', '2', '市'), ('445302', '云城区', '445300', '0766', '3', '区'), ('445321', '新兴县', '445300', '0766', '3', '区'), ('445322', '郁南县', '445300', '0766', '3', '区'), ('445323', '云安县', '445300', '0766', '3', '区'), ('445381', '罗定市', '445300', '0766', '3', '区'), ('450000', '广西壮族自治区', '0', '', '1', '省'), ('450100', '南宁市', '450000', '0771', '2', '市'), ('450102', '兴宁区', '450100', '0771', '3', '区'), ('450103', '青秀区', '450100', '0771', '3', '区'), ('450105', '江南区', '450100', '0771', '3', '区'), ('450107', '西乡塘区', '450100', '0771', '3', '区'), ('450108', '良庆区', '450100', '0771', '3', '区'), ('450109', '邕宁区', '450100', '0771', '3', '区'), ('450122', '武鸣县', '450100', '0771', '3', '区'), ('450123', '隆安县', '450100', '0771', '3', '区'), ('450124', '马山县', '450100', '0771', '3', '区'), ('450125', '上林县', '450100', '0771', '3', '区'), ('450126', '宾阳县', '450100', '0771', '3', '区'), ('450127', '横县', '450100', '0771', '3', '区'), ('450200', '柳州市', '450000', '0772', '2', '市'), ('450202', '城中区', '450200', '0772', '3', '区'), ('450203', '鱼峰区', '450200', '0772', '3', '区'), ('450204', '柳南区', '450200', '0772', '3', '区'), ('450205', '柳北区', '450200', '0772', '3', '区'), ('450221', '柳江县', '450200', '0772', '3', '区'), ('450222', '柳城县', '450200', '0772', '3', '区'), ('450223', '鹿寨县', '450200', '0772', '3', '区'), ('450224', '融安县', '450200', '0772', '3', '区'), ('450225', '融水苗族自治县', '450200', '0772', '3', '区'), ('450226', '三江侗族自治县', '450200', '0772', '3', '区'), ('450300', '桂林市', '450000', '0773', '2', '市'), ('450302', '秀峰区', '450300', '0773', '3', '区'), ('450303', '叠彩区', '450300', '0773', '3', '区'), ('450304', '象山区', '450300', '0773', '3', '区'), ('450305', '七星区', '450300', '0773', '3', '区'), ('450311', '雁山区', '450300', '0773', '3', '区'), ('450321', '阳朔县', '450300', '0773', '3', '区'), ('450322', '临桂县', '450300', '0773', '3', '区'), ('450323', '灵川县', '450300', '0773', '3', '区'), ('450324', '全州县', '450300', '0773', '3', '区'), ('450325', '兴安县', '450300', '0773', '3', '区'), ('450326', '永福县', '450300', '0773', '3', '区'), ('450327', '灌阳县', '450300', '0773', '3', '区'), ('450328', '龙胜各族自治县', '450300', '0773', '3', '区'), ('450329', '资源县', '450300', '0773', '3', '区'), ('450330', '平乐县', '450300', '0773', '3', '区'), ('450331', '荔蒲县', '450300', '0773', '3', '区'), ('450332', '恭城瑶族自治县', '450300', '0773', '3', '区'), ('450400', '梧州市', '450000', '0774', '2', '市'), ('450403', '万秀区', '450400', '0774', '3', '区'), ('450404', '蝶山区', '450400', '0774', '3', '区'), ('450405', '长洲区', '450400', '0774', '3', '区'), ('450421', '苍梧县', '450400', '0774', '3', '区'), ('450422', '藤县', '450400', '0774', '3', '区'), ('450423', '蒙山县', '450400', '0774', '3', '区'), ('450481', '岑溪市', '450400', '0774', '3', '区'), ('450500', '北海市', '450000', '0779', '2', '市'), ('450502', '海城区', '450500', '0779', '3', '区'), ('450503', '银海区', '450500', '0779', '3', '区'), ('450512', '铁山港区', '450500', '0779', '3', '区'), ('450521', '合浦县', '450500', '0779', '3', '区'), ('450600', '防城港市', '450000', '0770', '2', '市'), ('450602', '港口区', '450600', '0770', '3', '区'), ('450603', '防城区', '450600', '0770', '3', '区'), ('450621', '上思县', '450600', '0770', '3', '区'), ('450681', '东兴市', '450600', '0770', '3', '区'), ('450700', '钦州市', '450000', '0777', '2', '市'), ('450702', '钦南区', '450700', '0777', '3', '区'), ('450703', '钦北区', '450700', '0777', '3', '区'), ('450721', '灵山县', '450700', '0777', '3', '区'), ('450722', '浦北县', '450700', '0777', '3', '区'), ('450800', '贵港市', '450000', '0775', '2', '市'), ('450802', '港北区', '450800', '0775', '3', '区'), ('450803', '港南区', '450800', '0775', '3', '区'), ('450804', '覃塘区', '450800', '0775', '3', '区'), ('450821', '平南县', '450800', '0775', '3', '区'), ('450881', '桂平市', '450800', '0775', '3', '区'), ('450900', '玉林市', '450000', '0775', '2', '市'), ('450902', '玉州区', '450900', '0775', '3', '区'), ('450921', '容县', '450900', '0775', '3', '区'), ('450922', '陆川县', '450900', '0775', '3', '区'), ('450923', '博白县', '450900', '0775', '3', '区'), ('450924', '兴业县', '450900', '0775', '3', '区'), ('450981', '北流市', '450900', '0775', '3', '区'), ('451000', '百色市', '450000', '0776', '2', '市'), ('451002', '右江区', '451000', '0776', '3', '区'), ('451021', '田阳县', '451000', '0776', '3', '区'), ('451022', '田东县', '451000', '0776', '3', '区'), ('451023', '平果县', '451000', '0776', '3', '区'), ('451024', '德保县', '451000', '0776', '3', '区'), ('451025', '靖西县', '451000', '0776', '3', '区'), ('451026', '那坡县', '451000', '0776', '3', '区'), ('451027', '凌云县', '451000', '0776', '3', '区'), ('451028', '乐业县', '451000', '0776', '3', '区'), ('451029', '田林县', '451000', '0776', '3', '区'), ('451030', '西林县', '451000', '0776', '3', '区'), ('451031', '隆林各族自治县', '451000', '0776', '3', '区'), ('451100', '贺州市', '450000', '0774', '2', '市'), ('451102', '八步区', '451100', '0774', '3', '区'), ('451119', '平桂管理区', '451100', '0774', '3', '区'), ('451121', '昭平县', '451100', '0774', '3', '区'), ('451122', '钟山县', '451100', '0774', '3', '区'), ('451123', '富川瑶族自治县', '451100', '0774', '3', '区'), ('451200', '河池市', '450000', '0778', '2', '市'), ('451202', '金城江区', '451200', '0778', '3', '区'), ('451221', '南丹县', '451200', '0778', '3', '区'), ('451222', '天峨县', '451200', '0778', '3', '区'), ('451223', '凤山县', '451200', '0778', '3', '区'), ('451224', '东兰县', '451200', '0778', '3', '区'), ('451225', '罗城仫佬族自治县', '451200', '0778', '3', '区'), ('451226', '环江毛南族自治县', '451200', '0778', '3', '区'), ('451227', '巴马瑶族自治县', '451200', '0778', '3', '区'), ('451228', '都安瑶族自治县', '451200', '0778', '3', '区'), ('451229', '大化瑶族自治县', '451200', '0778', '3', '区'), ('451281', '宜州市', '451200', '0778', '3', '区'), ('451300', '来宾市', '450000', '0772', '2', '市'), ('451302', '兴宾区', '451300', '0772', '3', '区'), ('451321', '忻城县', '451300', '0772', '3', '区'), ('451322', '象州县', '451300', '0772', '3', '区'), ('451323', '武宣县', '451300', '0772', '3', '区'), ('451324', '金秀瑶族自治县', '451300', '0772', '3', '区'), ('451381', '合山市', '451300', '0772', '3', '区'), ('451400', '崇左市', '450000', '0771', '2', '市'), ('451402', '江洲区', '451400', '0771', '3', '区'), ('451421', '扶绥县', '451400', '0771', '3', '区'), ('451422', '宁明县', '451400', '0771', '3', '区'), ('451423', '龙州县', '451400', '0771', '3', '区'), ('451424', '大新县', '451400', '0771', '3', '区'), ('451425', '天等县', '451400', '0771', '3', '区'), ('451481', '凭祥市', '451400', '0771', '3', '区'), ('460000', '海南省', '0', '', '1', '省'), ('460100', '海口市', '460000', '0898', '2', '市'), ('460105', '秀英区', '460100', '0898', '3', '区'), ('460106', '龙华区', '460100', '0898', '3', '区'), ('460107', '琼山区', '460100', '0898', '3', '区'), ('460108', '美兰区', '460100', '0898', '3', '区'), ('460200', '三亚市', '460000', '0899', '2', '市'), ('460201', '三亚市', '460200', '0899', '3', '区'), ('460300', '三沙市', '460000', '0898', '2', '市'), ('460321', '西沙群岛', '460300', '0898', '3', '区'), ('460322', '南沙群岛', '460300', '0898', '3', '区'), ('460323', '中沙群岛', '460300', '0898', '3', '区'), ('469000', '省直辖', '460000', '', '2', '市'), ('469001', '五指山市', '469000', '0898', '3', '区'), ('469002', '琼海市', '469000', '0898', '3', '区'), ('469003', '儋州市', '469000', '0890', '3', '区'), ('469005', '文昌市', '469000', '0898', '3', '区'), ('469006', '万宁市', '469000', '0898', '3', '区'), ('469007', '东方市', '469000', '0898', '3', '区'), ('469021', '定安县', '469000', '0898', '3', '区'), ('469022', '屯昌县', '469000', '0898', '3', '区'), ('469023', '澄迈县', '469000', '0898', '3', '区'), ('469024', '临高县', '469000', '0898', '3', '区'), ('469025', '白沙黎族自治县', '469000', '0898', '3', '区'), ('469026', '昌江黎族自治县', '469000', '0898', '3', '区'), ('469027', '乐东黎族自治县', '469000', '0898', '3', '区'), ('469028', '陵水黎族自治县', '469000', '0898', '3', '区'), ('469029', '保亭黎族苗族自治县', '469000', '0898', '3', '区'), ('469030', '琼中黎族苗族自治县', '469000', '0898', '3', '区'), ('500000', '重庆市', '0', '0811', '1', '市'), ('500101', '万州区', '500000', '0811', '2', '区'), ('500102', '涪陵区', '500000', '0811', '2', '区'), ('500103', '渝中区', '500000', '0811', '2', '区'), ('500104', '大渡口区', '500000', '0811', '2', '区'), ('500105', '江北区', '500000', '0811', '2', '区'), ('500106', '沙坪坝区', '500000', '0811', '2', '区'), ('500107', '九龙坡区', '500000', '0811', '2', '区'), ('500108', '南岸区', '500000', '0811', '2', '区'), ('500109', '北碚区', '500000', '0811', '2', '区'), ('500110', '綦江区', '500000', '0811', '2', '区'), ('500111', '大足区', '500000', '0811', '2', '区'), ('500112', '渝北区', '500000', '0811', '2', '区'), ('500113', '巴南区', '500000', '0811', '2', '区'), ('500114', '黔江区', '500000', '0811', '2', '区'), ('500115', '长寿区', '500000', '0811', '2', '区'), ('500116', '江津区', '500000', '0811', '2', '区'), ('500117', '合川区', '500000', '0811', '2', '区'), ('500118', '永川区', '500000', '0814', '2', '区'), ('500119', '南川区', '500000', '0811', '2', '区'), ('500223', '潼南县', '500000', '0811', '2', '区'), ('500224', '铜梁县', '500000', '0811', '2', '区'), ('500226', '荣昌县', '500000', '0811', '2', '区'), ('500227', '璧山县', '500000', '0811', '2', '区'), ('500228', '梁平县', '500000', '0811', '2', '区'), ('500229', '城口县', '500000', '0811', '2', '区'), ('500230', '丰都县', '500000', '0811', '2', '区'), ('500231', '垫江县', '500000', '0811', '2', '区'), ('500232', '武隆县', '500000', '0811', '2', '区'), ('500233', '忠县', '500000', '0811', '2', '区'), ('500234', '开县', '500000', '0811', '2', '区'), ('500235', '云阳县', '500000', '0811', '2', '区'), ('500236', '奉节县', '500000', '0811', '2', '区'), ('500237', '巫山县', '500000', '0811', '2', '区'), ('500238', '巫溪县', '500000', '0811', '2', '区'), ('500240', '石柱土家族自治县', '500000', '0811', '2', '区'), ('500241', '秀山土家族苗族自治县', '500000', '0811', '2', '区'), ('500242', '酉阳土家族苗族自治县', '500000', '0811', '2', '区'), ('500243', '彭水苗族土家族自治县', '500000', '0811', '2', '区'), ('510000', '四川省', '0', '', '1', '省'), ('510100', '成都市', '510000', '028', '2', '市'), ('510104', '锦江区', '510100', '028', '3', '区'), ('510105', '青羊区', '510100', '028', '3', '区'), ('510106', '金牛区', '510100', '028', '3', '区'), ('510107', '武侯区', '510100', '028', '3', '区'), ('510108', '成华区', '510100', '028', '3', '区'), ('510112', '龙泉驿区', '510100', '028', '3', '区'), ('510113', '青白江区', '510100', '028', '3', '区'), ('510114', '新都区', '510100', '028', '3', '区'), ('510115', '温江区', '510100', '028', '3', '区'), ('510121', '金堂县', '510100', '028', '3', '区'), ('510122', '双流县', '510100', '028', '3', '区'), ('510124', '郫县', '510100', '028', '3', '区'), ('510129', '大邑县', '510100', '028', '3', '区'), ('510131', '蒲江县', '510100', '028', '3', '区'), ('510132', '新津县', '510100', '028', '3', '区'), ('510181', '都江堰市', '510100', '028', '3', '区'), ('510182', '彭州市', '510100', '028', '3', '区'), ('510183', '邛崃市', '510100', '028', '3', '区'), ('510184', '崇州市', '510100', '028', '3', '区'), ('510300', '自贡市', '510000', '0813', '2', '市'), ('510302', '自流井区', '510300', '0813', '3', '区'), ('510303', '贡井区', '510300', '0813', '3', '区'), ('510304', '大安区', '510300', '0813', '3', '区'), ('510311', '沿滩区', '510300', '0813', '3', '区'), ('510321', '荣县', '510300', '0813', '3', '区'), ('510322', '富顺县', '510300', '0813', '3', '区'), ('510400', '攀枝花市', '510000', '0812', '2', '市'), ('510402', '东区', '510400', '0812', '3', '区'), ('510403', '西区', '510400', '0812', '3', '区'), ('510411', '仁和区', '510400', '0812', '3', '区'), ('510421', '米易县', '510400', '0812', '3', '区'), ('510422', '盐边县', '510400', '0812', '3', '区'), ('510500', '泸州市', '510000', '0840', '2', '市'), ('510502', '江阳区', '510500', '0840', '3', '区'), ('510503', '纳溪区', '510500', '0840', '3', '区'), ('510504', '龙马潭区', '510500', '0840', '3', '区'), ('510521', '泸县', '510500', '0840', '3', '区'), ('510522', '合江县', '510500', '0840', '3', '区'), ('510524', '叙永县', '510500', '0840', '3', '区'), ('510525', '古蔺县', '510500', '0840', '3', '区'), ('510600', '德阳市', '510000', '0838', '2', '市'), ('510603', '旌阳区', '510600', '0838', '3', '区'), ('510623', '中江县', '510600', '0838', '3', '区'), ('510626', '罗江县', '510600', '0838', '3', '区'), ('510681', '广汉市', '510600', '0838', '3', '区'), ('510682', '什邡市', '510600', '0838', '3', '区'), ('510683', '绵竹市', '510600', '0838', '3', '区'), ('510700', '绵阳市', '510000', '0816', '2', '市'), ('510703', '涪城区', '510700', '0816', '3', '区'), ('510704', '游仙区', '510700', '0816', '3', '区'), ('510722', '三台县', '510700', '0816', '3', '区'), ('510723', '盐亭县', '510700', '0816', '3', '区'), ('510724', '安县', '510700', '0816', '3', '区'), ('510725', '梓潼县', '510700', '0816', '3', '区'), ('510726', '北川羌族自治县', '510700', '0816', '3', '区'), ('510727', '平武县', '510700', '0816', '3', '区'), ('510781', '江油市', '510700', '0816', '3', '区'), ('510800', '广元市', '510000', '0839', '2', '市'), ('510802', '利州区', '510800', '0839', '3', '区'), ('510811', '元坝区', '510800', '0839', '3', '区'), ('510812', '朝天区', '510800', '0839', '3', '区'), ('510821', '旺苍县', '510800', '0839', '3', '区'), ('510822', '青川县', '510800', '0839', '3', '区'), ('510823', '剑阁县', '510800', '0839', '3', '区'), ('510824', '苍溪县', '510800', '0839', '3', '区'), ('510900', '遂宁市', '510000', '0825', '2', '市'), ('510903', '船山区', '510900', '0825', '3', '区'), ('510904', '安居区', '510900', '0825', '3', '区'), ('510921', '蓬溪县', '510900', '0825', '3', '区'), ('510922', '射洪县', '510900', '0825', '3', '区'), ('510923', '大英县', '510900', '0825', '3', '区'), ('511000', '内江市', '510000', '0832', '2', '市'), ('511002', '市中区', '511000', '0832', '3', '区'), ('511011', '东兴区', '511000', '0832', '3', '区'), ('511024', '威远县', '511000', '0832', '3', '区'), ('511025', '资中县', '511000', '0832', '3', '区'), ('511028', '隆昌县', '511000', '0832', '3', '区'), ('511100', '乐山市', '510000', '0833', '2', '市'), ('511102', '市中区', '511100', '0833', '3', '区'), ('511111', '沙湾区', '511100', '0833', '3', '区'), ('511112', '五通桥区', '511100', '0833', '3', '区'), ('511113', '金口河区', '511100', '0833', '3', '区'), ('511123', '犍为县', '511100', '0833', '3', '区'), ('511124', '井研县', '511100', '0833', '3', '区'), ('511126', '夹江县', '511100', '0833', '3', '区'), ('511129', '沐川县', '511100', '0833', '3', '区'), ('511132', '峨边彝族自治县', '511100', '0833', '3', '区'), ('511133', '马边彝族自治县', '511100', '0833', '3', '区'), ('511181', '峨眉山市', '511100', '0833', '3', '区'), ('511300', '南充市', '510000', '0817', '2', '市'), ('511302', '顺庆区', '511300', '0817', '3', '区'), ('511303', '高坪区', '511300', '0817', '3', '区'), ('511304', '嘉陵区', '511300', '0817', '3', '区'), ('511321', '南部县', '511300', '0817', '3', '区'), ('511322', '营山县', '511300', '0817', '3', '区'), ('511323', '蓬安县', '511300', '0817', '3', '区'), ('511324', '仪陇县', '511300', '0817', '3', '区'), ('511325', '西充县', '511300', '0817', '3', '区'), ('511381', '阆中市', '511300', '0817', '3', '区'), ('511400', '眉山市', '510000', '028', '2', '市'), ('511402', '东坡区', '511400', '028', '3', '区'), ('511421', '仁寿县', '511400', '028', '3', '区'), ('511422', '彭山县', '511400', '028', '3', '区'), ('511423', '洪雅县', '511400', '028', '3', '区'), ('511424', '丹棱县', '511400', '028', '3', '区'), ('511425', '青神县', '511400', '028', '3', '区'), ('511500', '宜宾市', '510000', '0831', '2', '市'), ('511502', '翠屏区', '511500', '0831', '3', '区'), ('511521', '宜宾县', '511500', '0831', '3', '区'), ('511522', '南溪区', '511500', '0831', '3', '区'), ('511523', '江安县', '511500', '0831', '3', '区'), ('511524', '长宁县', '511500', '0831', '3', '区'), ('511525', '高县', '511500', '0831', '3', '区'), ('511526', '珙县', '511500', '0831', '3', '区'), ('511527', '筠连县', '511500', '0831', '3', '区'), ('511528', '兴文县', '511500', '0831', '3', '区'), ('511529', '屏山县', '511500', '0831', '3', '区'), ('511600', '广安市', '510000', '0826', '2', '市'), ('511602', '广安区', '511600', '0826', '3', '区'), ('511621', '岳池县', '511600', '0826', '3', '区'), ('511622', '武胜县', '511600', '0826', '3', '区'), ('511623', '邻水县', '511600', '0826', '3', '区'), ('511681', '华蓥市', '511600', '0826', '3', '区'), ('511700', '达州市', '510000', '0818', '2', '市'), ('511702', '通川区', '511700', '0818', '3', '区'), ('511721', '达县', '511700', '0818', '3', '区'), ('511722', '宣汉县', '511700', '0818', '3', '区'), ('511723', '开江县', '511700', '0818', '3', '区'), ('511724', '大竹县', '511700', '0818', '3', '区'), ('511725', '渠县', '511700', '0818', '3', '区'), ('511781', '万源市', '511700', '0818', '3', '区'), ('511800', '雅安市', '510000', '0835', '2', '市'), ('511802', '雨城区', '511800', '0835', '3', '区'), ('511821', '名山县', '511800', '0835', '3', '区'), ('511822', '荥经县', '511800', '0835', '3', '区'), ('511823', '汉源县', '511800', '0835', '3', '区'), ('511824', '石棉县', '511800', '0835', '3', '区'), ('511825', '天全县', '511800', '0835', '3', '区'), ('511826', '芦山县', '511800', '0835', '3', '区'), ('511827', '宝兴县', '511800', '0835', '3', '区'), ('511900', '巴中市', '510000', '0827', '2', '市'), ('511902', '巴州区', '511900', '0827', '3', '区'), ('511921', '通江县', '511900', '0827', '3', '区'), ('511922', '南江县', '511900', '0827', '3', '区'), ('511923', '平昌县', '511900', '0827', '3', '区'), ('512000', '资阳市', '510000', '028', '2', '市'), ('512002', '雁江区', '512000', '028', '3', '区'), ('512021', '安岳县', '512000', '028', '3', '区'), ('512022', '乐至县', '512000', '028', '3', '区'), ('512081', '简阳市', '512000', '028', '3', '区'), ('513200', '阿坝藏族羌族自治州', '510000', '0837', '2', '市'), ('513221', '汶川县', '513200', '0837', '3', '区'), ('513222', '理县', '513200', '0837', '3', '区'), ('513223', '茂县', '513200', '0837', '3', '区'), ('513224', '松潘县', '513200', '0837', '3', '区'), ('513225', '九寨沟县', '513200', '0837', '3', '区'), ('513226', '金川县', '513200', '0837', '3', '区'), ('513227', '小金县', '513200', '0837', '3', '区'), ('513228', '黑水县', '513200', '0837', '3', '区'), ('513229', '马尔康县', '513200', '0837', '3', '区'), ('513230', '壤塘县', '513200', '0837', '3', '区'), ('513231', '阿坝县', '513200', '0837', '3', '区'), ('513232', '若尔盖县', '513200', '0837', '3', '区'), ('513233', '红原县', '513200', '0837', '3', '区'), ('513300', '甘孜藏族自治州', '510000', '0836', '2', '市'), ('513321', '康定县', '513300', '0836', '3', '区'), ('513322', '泸定县', '513300', '0836', '3', '区'), ('513323', '丹巴县', '513300', '0836', '3', '区'), ('513324', '九龙县', '513300', '0836', '3', '区'), ('513325', '雅江县', '513300', '0836', '3', '区'), ('513326', '道孚县', '513300', '0836', '3', '区'), ('513327', '炉霍县', '513300', '0836', '3', '区'), ('513328', '甘孜县', '513300', '0836', '3', '区'), ('513329', '新龙县', '513300', '0836', '3', '区'), ('513330', '德格县', '513300', '0836', '3', '区'), ('513331', '白玉县', '513300', '0836', '3', '区'), ('513332', '石渠县', '513300', '0836', '3', '区'), ('513333', '色达县', '513300', '0836', '3', '区'), ('513334', '理塘县', '513300', '0836', '3', '区'), ('513335', '巴塘县', '513300', '0836', '3', '区'), ('513336', '乡城县', '513300', '0836', '3', '区'), ('513337', '稻城县', '513300', '0836', '3', '区'), ('513338', '得荣县', '513300', '0836', '3', '区'), ('513400', '凉山彝族自治州', '510000', '0834', '2', '市'), ('513401', '西昌市', '513400', '0834', '3', '区'), ('513422', '木里藏族自治县', '513400', '0834', '3', '区'), ('513423', '盐源县', '513400', '0834', '3', '区'), ('513424', '德昌县', '513400', '0834', '3', '区'), ('513425', '会理县', '513400', '0834', '3', '区'), ('513426', '会东县', '513400', '0834', '3', '区'), ('513427', '宁南县', '513400', '0834', '3', '区'), ('513428', '普格县', '513400', '0834', '3', '区'), ('513429', '布拖县', '513400', '0834', '3', '区'), ('513430', '金阳县', '513400', '0834', '3', '区'), ('513431', '昭觉县', '513400', '0834', '3', '区'), ('513432', '喜德县', '513400', '0834', '3', '区'), ('513433', '冕宁县', '513400', '0834', '3', '区'), ('513434', '越西县', '513400', '0834', '3', '区'), ('513435', '甘洛县', '513400', '0834', '3', '区'), ('513436', '美姑县', '513400', '0834', '3', '区'), ('513437', '雷波县', '513400', '0834', '3', '区'), ('520000', '贵州省', '0', '', '1', '省'), ('520100', '贵阳市', '520000', '0851', '2', '市'), ('520102', '南明区', '520100', '0851', '3', '区'), ('520103', '云岩区', '520100', '0851', '3', '区'), ('520111', '花溪区', '520100', '0851', '3', '区'), ('520112', '乌当区', '520100', '0851', '3', '区'), ('520113', '白云区', '520100', '0851', '3', '区'), ('520114', '小河区', '520100', '0851', '3', '区'), ('520121', '开阳县', '520100', '0851', '3', '区'), ('520122', '息烽县', '520100', '0851', '3', '区'), ('520123', '修文县', '520100', '0851', '3', '区'), ('520181', '清镇市', '520100', '0851', '3', '区'), ('520200', '六盘水市', '520000', '0858', '2', '市'), ('520201', '钟山区', '520200', '0858', '3', '区'), ('520203', '六枝特区', '520200', '0858', '3', '区'), ('520221', '水城县', '520200', '0858', '3', '区'), ('520222', '盘县', '520200', '0858', '3', '区'), ('520300', '遵义市', '520000', '0852', '2', '市'), ('520302', '红花岗区', '520300', '0852', '3', '区'), ('520303', '汇川区', '520300', '0852', '3', '区'), ('520321', '遵义县', '520300', '0852', '3', '区'), ('520322', '桐梓县', '520300', '0852', '3', '区'), ('520323', '绥阳县', '520300', '0852', '3', '区'), ('520324', '正安县', '520300', '0852', '3', '区'), ('520325', '道真仡佬族苗族自治县', '520300', '0852', '3', '区'), ('520326', '务川仡佬族苗族自治县', '520300', '0852', '3', '区'), ('520327', '凤冈县', '520300', '0852', '3', '区'), ('520328', '湄潭县', '520300', '0852', '3', '区'), ('520329', '余庆县', '520300', '0852', '3', '区'), ('520330', '习水县', '520300', '0852', '3', '区'), ('520381', '赤水市', '520300', '0852', '3', '区'), ('520382', '仁怀市', '520300', '0852', '3', '区'), ('520400', '安顺市', '520000', '0853', '2', '市'), ('520402', '西秀区', '520400', '0853', '3', '区'), ('520421', '平坝县', '520400', '0853', '3', '区'), ('520422', '普定县', '520400', '0853', '3', '区'), ('520423', '镇宁布依族苗族自治县', '520400', '0853', '3', '区'), ('520424', '关岭布依族苗族自治县', '520400', '0853', '3', '区'), ('520425', '紫云苗族布依族自治县', '520400', '0853', '3', '区'), ('520500', '毕节市', '520000', '0857', '2', '市'), ('520501', '七星关区', '520500', '0857', '3', '区'), ('520522', '大方县', '520500', '0857', '3', '区'), ('520523', '黔西县', '520500', '0857', '3', '区'), ('520524', '金沙县', '520500', '0857', '3', '区'), ('520525', '织金县', '520500', '0857', '3', '区'), ('520526', '纳雍县', '520500', '0857', '3', '区'), ('520527', '威宁彝族回族苗族自治县', '520500', '0857', '3', '区'), ('520528', '赫章县', '520500', '0857', '3', '区'), ('520600', '铜仁市', '520000', '0856', '2', '市'), ('520601', '碧江区', '520600', '0856', '3', '区'), ('520602', '万山区', '520600', '0856', '3', '区'), ('520622', '江口县', '520600', '0856', '3', '区'), ('520623', '玉屏侗族自治县', '520600', '0856', '3', '区'), ('520624', '石阡县', '520600', '0856', '3', '区'), ('520625', '思南县', '520600', '0856', '3', '区'), ('520626', '印江土家族苗族自治县', '520600', '0856', '3', '区'), ('520627', '德江县', '520600', '0856', '3', '区'), ('520628', '沿河土家族自治县', '520600', '0856', '3', '区'), ('520629', '松桃苗族自治县', '520600', '0856', '3', '区'), ('522300', '黔西南布依族苗族自治州', '520000', '0859', '2', '市'), ('522301', '兴义市', '522300', '0859', '3', '区'), ('522322', '兴仁县', '522300', '0859', '3', '区'), ('522323', '普安县', '522300', '0859', '3', '区'), ('522324', '晴隆县', '522300', '0859', '3', '区'), ('522325', '贞丰县', '522300', '0859', '3', '区'), ('522326', '望谟县', '522300', '0859', '3', '区'), ('522327', '册亨县', '522300', '0859', '3', '区'), ('522328', '安龙县', '522300', '0859', '3', '区'), ('522600', '黔东南苗族侗族自治州', '520000', '0855', '2', '市'), ('522601', '凯里市', '522600', '0855', '3', '区'), ('522622', '黄平县', '522600', '0855', '3', '区'), ('522623', '施秉县', '522600', '0855', '3', '区'), ('522624', '三穗县', '522600', '0855', '3', '区'), ('522625', '镇远县', '522600', '0855', '3', '区'), ('522626', '岑巩县', '522600', '0855', '3', '区'), ('522627', '天柱县', '522600', '0855', '3', '区'), ('522628', '锦屏县', '522600', '0855', '3', '区'), ('522629', '剑河县', '522600', '0855', '3', '区'), ('522630', '台江县', '522600', '0855', '3', '区'), ('522631', '黎平县', '522600', '0855', '3', '区'), ('522632', '榕江县', '522600', '0855', '3', '区'), ('522633', '从江县', '522600', '0855', '3', '区'), ('522634', '雷山县', '522600', '0855', '3', '区'), ('522635', '麻江县', '522600', '0855', '3', '区'), ('522636', '丹寨县', '522600', '0855', '3', '区'), ('522700', '黔南布依族苗族自治州', '520000', '0854', '2', '市'), ('522701', '都匀市', '522700', '0854', '3', '区'), ('522702', '福泉市', '522700', '0854', '3', '区'), ('522722', '荔波县', '522700', '0854', '3', '区'), ('522723', '贵定县', '522700', '0854', '3', '区'), ('522725', '瓮安县', '522700', '0854', '3', '区'), ('522726', '独山县', '522700', '0854', '3', '区'), ('522727', '平塘县', '522700', '0854', '3', '区'), ('522728', '罗甸县', '522700', '0854', '3', '区'), ('522729', '长顺县', '522700', '0854', '3', '区'), ('522730', '龙里县', '522700', '0854', '3', '区'), ('522731', '惠水县', '522700', '0854', '3', '区'), ('522732', '三都水族自治县', '522700', '0854', '3', '区'), ('530000', '云南省', '0', '', '1', '省'), ('530100', '昆明市', '530000', '0871', '2', '市'), ('530102', '五华区', '530100', '0871', '3', '区'), ('530103', '盘龙区', '530100', '0871', '3', '区'), ('530111', '官渡区', '530100', '0871', '3', '区'), ('530112', '西山区', '530100', '0871', '3', '区'), ('530113', '东川区', '530100', '0881', '3', '区'), ('530121', '呈贡区', '530100', '0871', '3', '区'), ('530122', '晋宁县', '530100', '0871', '3', '区'), ('530124', '富民县', '530100', '0871', '3', '区'), ('530125', '宜良县', '530100', '0871', '3', '区'), ('530126', '石林彝族自治县', '530100', '0871', '3', '区'), ('530127', '嵩明县', '530100', '0871', '3', '区'), ('530128', '禄劝彝族苗族自治县', '530100', '0871', '3', '区'), ('530129', '寻甸回族彝族自治县', '530100', '0871', '3', '区'), ('530181', '安宁市', '530100', '0871', '3', '区'), ('530300', '曲靖市', '530000', '0874', '2', '市'), ('530302', '麒麟区', '530300', '0874', '3', '区'), ('530321', '马龙县', '530300', '0874', '3', '区'), ('530322', '陆良县', '530300', '0874', '3', '区'), ('530323', '师宗县', '530300', '0874', '3', '区'), ('530324', '罗平县', '530300', '0874', '3', '区'), ('530325', '富源县', '530300', '0874', '3', '区'), ('530326', '会泽县', '530300', '0874', '3', '区'), ('530328', '沾益县', '530300', '0874', '3', '区'), ('530381', '宣威市', '530300', '0874', '3', '区'), ('530400', '玉溪市', '530000', '0877', '2', '市'), ('530402', '红塔区', '530400', '0877', '3', '区'), ('530421', '江川县', '530400', '0877', '3', '区'), ('530422', '澄江县', '530400', '0877', '3', '区'), ('530423', '通海县', '530400', '0877', '3', '区'), ('530424', '华宁县', '530400', '0877', '3', '区'), ('530425', '易门县', '530400', '0877', '3', '区'), ('530426', '峨山彝族自治县', '530400', '0877', '3', '区'), ('530427', '新平彝族傣族自治县', '530400', '0877', '3', '区'), ('530428', '元江哈尼族彝族傣族自治县', '530400', '0877', '3', '区'), ('530500', '保山市', '530000', '0875', '2', '市'), ('530502', '隆阳区', '530500', '0875', '3', '区'), ('530521', '施甸县', '530500', '0875', '3', '区'), ('530522', '腾冲县', '530500', '0875', '3', '区'), ('530523', '龙陵县', '530500', '0875', '3', '区'), ('530524', '昌宁县', '530500', '0875', '3', '区'), ('530600', '昭通市', '530000', '0870', '2', '市'), ('530602', '昭阳区', '530600', '0870', '3', '区'), ('530621', '鲁甸县', '530600', '0870', '3', '区'), ('530622', '巧家县', '530600', '0870', '3', '区'), ('530623', '盐津县', '530600', '0870', '3', '区'), ('530624', '大关县', '530600', '0870', '3', '区'), ('530625', '永善县', '530600', '0870', '3', '区'), ('530626', '绥江县', '530600', '0870', '3', '区'), ('530627', '镇雄县', '530600', '0870', '3', '区'), ('530628', '彝良县', '530600', '0870', '3', '区'), ('530629', '威信县', '530600', '0870', '3', '区'), ('530630', '水富县', '530600', '0870', '3', '区'), ('530700', '丽江市', '530000', '0888', '2', '市'), ('530702', '古城区', '530700', '0888', '3', '区'), ('530721', '玉龙纳西族自治县', '530700', '0888', '3', '区'), ('530722', '永胜县', '530700', '0888', '3', '区'), ('530723', '华坪县', '530700', '0888', '3', '区'), ('530724', '宁蒗彝族自治县', '530700', '0888', '3', '区'), ('530800', '普洱市', '530000', '0879', '2', '市'), ('530802', '思茅区', '530800', '0879', '3', '区'), ('530821', '宁洱哈尼族彝族自治县', '530800', '0879', '3', '区'), ('530822', '墨江哈尼族自治县', '530800', '0879', '3', '区'), ('530823', '景东彝族自治县', '530800', '0879', '3', '区'), ('530824', '景谷傣族彝族自治县', '530800', '0879', '3', '区'), ('530825', '镇沅彝族哈尼族拉祜族自治县', '530800', '0879', '3', '区'), ('530826', '江城哈尼族彝族自治县', '530800', '0879', '3', '区'), ('530827', '孟连傣族拉祜族佤族自治县', '530800', '0879', '3', '区'), ('530828', '澜沧拉祜族自治县', '530800', '0879', '3', '区'), ('530829', '西盟佤族自治县', '530800', '0879', '3', '区'), ('530900', '临沧市', '530000', '0883', '2', '市'), ('530902', '临翔区', '530900', '0883', '3', '区'), ('530921', '凤庆县', '530900', '0883', '3', '区'), ('530922', '云县', '530900', '0883', '3', '区'), ('530923', '永德县', '530900', '0883', '3', '区'), ('530924', '镇康县', '530900', '0883', '3', '区'), ('530925', '双江拉祜族佤族布朗族傣族自治县', '530900', '0883', '3', '区'), ('530926', '耿马傣族佤族自治县', '530900', '0883', '3', '区'), ('530927', '沧源佤族自治县', '530900', '0883', '3', '区'), ('532300', '楚雄彝族自治州', '530000', '0878', '2', '市'), ('532301', '楚雄市', '532300', '0878', '3', '区'), ('532322', '双柏县', '532300', '0878', '3', '区'), ('532323', '牟定县', '532300', '0878', '3', '区'), ('532324', '南华县', '532300', '0878', '3', '区'), ('532325', '姚安县', '532300', '0878', '3', '区'), ('532326', '大姚县', '532300', '0878', '3', '区'), ('532327', '永仁县', '532300', '0878', '3', '区'), ('532328', '元谋县', '532300', '0878', '3', '区'), ('532329', '武定县', '532300', '0878', '3', '区'), ('532331', '禄丰县', '532300', '0878', '3', '区'), ('532500', '红河哈尼族彝族自治州', '530000', '0873', '2', '市'), ('532501', '个旧市', '532500', '0873', '3', '区'), ('532502', '开远市', '532500', '0873', '3', '区'), ('532503', '蒙自市', '532500', '0873', '3', '区'), ('532523', '屏边苗族自治县', '532500', '0873', '3', '区'), ('532524', '建水县', '532500', '0873', '3', '区'), ('532525', '石屏县', '532500', '0873', '3', '区'), ('532526', '弥勒县', '532500', '0873', '3', '区'), ('532527', '泸西县', '532500', '0873', '3', '区'), ('532528', '元阳县', '532500', '0873', '3', '区'), ('532529', '红河县', '532500', '0873', '3', '区'), ('532530', '金平苗族瑶族傣族自治县', '532500', '0873', '3', '区'), ('532531', '绿春县', '532500', '0873', '3', '区'), ('532532', '河口瑶族自治县', '532500', '0873', '3', '区'), ('532600', '文山壮族苗族自治州', '530000', '0876', '2', '市'), ('532621', '文山市', '532600', '0876', '3', '区'), ('532622', '砚山县', '532600', '0876', '3', '区'), ('532623', '西畴县', '532600', '0876', '3', '区'), ('532624', '麻栗坡县', '532600', '0876', '3', '区'), ('532625', '马关县', '532600', '0876', '3', '区'), ('532626', '丘北县', '532600', '0876', '3', '区'), ('532627', '广南县', '532600', '0876', '3', '区'), ('532628', '富宁县', '532600', '0876', '3', '区'), ('532800', '西双版纳傣族自治州', '530000', '0691', '2', '市'), ('532801', '景洪市', '532800', '0691', '3', '区'), ('532822', '勐海县', '532800', '0691', '3', '区'), ('532823', '勐腊县', '532800', '0691', '3', '区'), ('532900', '大理白族自治州', '530000', '0872', '2', '市'), ('532901', '大理市', '532900', '0872', '3', '区'), ('532922', '漾濞彝族自治县', '532900', '0872', '3', '区'), ('532923', '祥云县', '532900', '0872', '3', '区'), ('532924', '宾川县', '532900', '0872', '3', '区'), ('532925', '弥渡县', '532900', '0872', '3', '区'), ('532926', '南涧彝族自治县', '532900', '0872', '3', '区'), ('532927', '巍山彝族回族自治县', '532900', '0872', '3', '区'), ('532928', '永平县', '532900', '0872', '3', '区'), ('532929', '云龙县', '532900', '0872', '3', '区'), ('532930', '洱源县', '532900', '0872', '3', '区'), ('532931', '剑川县', '532900', '0872', '3', '区'), ('532932', '鹤庆县', '532900', '0872', '3', '区'), ('533100', '德宏傣族景颇族自治州', '530000', '0692', '2', '市'), ('533102', '瑞丽市', '533100', '0692', '3', '区'), ('533103', '芒市', '533100', '0692', '3', '区'), ('533122', '梁河县', '533100', '0692', '3', '区'), ('533123', '盈江县', '533100', '0692', '3', '区'), ('533124', '陇川县', '533100', '0692', '3', '区'), ('533300', '怒江傈僳族自治州', '530000', '0886', '2', '市'), ('533321', '泸水县', '533300', '0886', '3', '区'), ('533323', '福贡县', '533300', '0886', '3', '区'), ('533324', '贡山独龙族怒族自治县', '533300', '0886', '3', '区'), ('533325', '兰坪白族普米族自治县', '533300', '0886', '3', '区'), ('533400', '迪庆藏族自治州', '530000', '0887', '2', '市'), ('533421', '香格里拉县', '533400', '0887', '3', '区'), ('533422', '德钦县', '533400', '0887', '3', '区'), ('533423', '维西傈僳族自治县', '533400', '0887', '3', '区'), ('540000', '西藏自治区', '0', '', '1', '省'), ('540100', '拉萨市', '540000', '0891', '2', '市'), ('540102', '城关区', '540100', '0891', '3', '区'), ('540121', '林周县', '540100', '0891', '3', '区'), ('540122', '当雄县', '540100', '0891', '3', '区'), ('540123', '尼木县', '540100', '0891', '3', '区'), ('540124', '曲水县', '540100', '0891', '3', '区'), ('540125', '堆龙德庆县', '540100', '0891', '3', '区'), ('540126', '达孜县', '540100', '0891', '3', '区'), ('540127', '墨竹工卡县', '540100', '0891', '3', '区'), ('542100', '昌都地区', '540000', '0895', '2', '市'), ('542121', '昌都县', '542100', '0895', '3', '区'), ('542122', '江达县', '542100', '0895', '3', '区'), ('542123', '贡觉县', '542100', '0895', '3', '区'), ('542124', '类乌齐县', '542100', '0895', '3', '区'), ('542125', '丁青县', '542100', '0895', '3', '区'), ('542126', '察雅县', '542100', '0895', '3', '区'), ('542127', '八宿县', '542100', '0895', '3', '区'), ('542128', '左贡县', '542100', '0895', '3', '区'), ('542129', '芒康县', '542100', '0895', '3', '区'), ('542132', '洛隆县', '542100', '0895', '3', '区'), ('542133', '边坝县', '542100', '0895', '3', '区'), ('542200', '山南地区', '540000', '0893', '2', '市'), ('542221', '乃东县', '542200', '0893', '3', '区'), ('542222', '扎囊县', '542200', '0893', '3', '区'), ('542223', '贡嘎县', '542200', '0893', '3', '区'), ('542224', '桑日县', '542200', '0893', '3', '区'), ('542225', '琼结县', '542200', '0893', '3', '区'), ('542226', '曲松县', '542200', '0893', '3', '区'), ('542227', '措美县', '542200', '0893', '3', '区'), ('542228', '洛扎县', '542200', '0893', '3', '区'), ('542229', '加查县', '542200', '0893', '3', '区'), ('542231', '隆子县', '542200', '0893', '3', '区'), ('542232', '错那县', '542200', '0893', '3', '区'), ('542233', '浪卡子县', '542200', '0893', '3', '区'), ('542300', '日喀则地区', '540000', '0892', '2', '市'), ('542301', '日喀则市', '542300', '0892', '3', '区'), ('542322', '南木林县', '542300', '0892', '3', '区'), ('542323', '江孜县', '542300', '0892', '3', '区'), ('542324', '定日县', '542300', '0892', '3', '区'), ('542325', '萨迦县', '542300', '0892', '3', '区'), ('542326', '拉孜县', '542300', '0892', '3', '区'), ('542327', '昂仁县', '542300', '0892', '3', '区'), ('542328', '谢通门县', '542300', '0892', '3', '区'), ('542329', '白朗县', '542300', '0892', '3', '区');
INSERT INTO `ADDRESSLIST` VALUES ('542330', '仁布县', '542300', '0892', '3', '区'), ('542331', '康马县', '542300', '0892', '3', '区'), ('542332', '定结县', '542300', '0892', '3', '区'), ('542333', '仲巴县', '542300', '0892', '3', '区'), ('542334', '亚东县', '542300', '0892', '3', '区'), ('542335', '吉隆县', '542300', '0892', '3', '区'), ('542336', '聂拉木县', '542300', '0892', '3', '区'), ('542337', '萨嘎县', '542300', '0892', '3', '区'), ('542338', '岗巴县', '542300', '0892', '3', '区'), ('542400', '那曲地区', '540000', '0896', '2', '市'), ('542421', '那曲县', '542400', '0896', '3', '区'), ('542422', '嘉黎县', '542400', '0896', '3', '区'), ('542423', '比如县', '542400', '0896', '3', '区'), ('542424', '聂荣县', '542400', '0896', '3', '区'), ('542425', '安多县', '542400', '0896', '3', '区'), ('542426', '申扎县', '542400', '0896', '3', '区'), ('542427', '索县', '542400', '0896', '3', '区'), ('542428', '班戈县', '542400', '0896', '3', '区'), ('542429', '巴青县', '542400', '0896', '3', '区'), ('542430', '尼玛县', '542400', '0896', '3', '区'), ('542500', '阿里地区', '540000', '0897', '2', '市'), ('542521', '普兰县', '542500', '0897', '3', '区'), ('542522', '札达县', '542500', '0897', '3', '区'), ('542523', '噶尔县', '542500', '0897', '3', '区'), ('542524', '日土县', '542500', '0897', '3', '区'), ('542525', '革吉县', '542500', '0897', '3', '区'), ('542526', '改则县', '542500', '0897', '3', '区'), ('542527', '措勤县', '542500', '0897', '3', '区'), ('542600', '林芝地区', '540000', '0894', '2', '市'), ('542621', '林芝县', '542600', '0894', '3', '区'), ('542622', '工布江达县', '542600', '0894', '3', '区'), ('542623', '米林县', '542600', '0894', '3', '区'), ('542624', '墨脱县', '542600', '0894', '3', '区'), ('542625', '波密县', '542600', '0894', '3', '区'), ('542626', '察隅县', '542600', '0894', '3', '区'), ('542627', '朗县', '542600', '0894', '3', '区'), ('610000', '陕西省', '0', '', '1', '省'), ('610100', '西安市', '610000', '029', '2', '市'), ('610102', '新城区', '610100', '029', '3', '区'), ('610103', '碑林区', '610100', '029', '3', '区'), ('610104', '莲湖区', '610100', '029', '3', '区'), ('610111', '灞桥区', '610100', '029', '3', '区'), ('610112', '未央区', '610100', '029', '3', '区'), ('610113', '雁塔区', '610100', '029', '3', '区'), ('610114', '阎良区', '610100', '029', '3', '区'), ('610115', '临潼区', '610100', '029', '3', '区'), ('610116', '长安区', '610100', '029', '3', '区'), ('610122', '蓝田县', '610100', '029', '3', '区'), ('610124', '周至县', '610100', '029', '3', '区'), ('610125', '户县', '610100', '029', '3', '区'), ('610126', '高陵县', '610100', '029', '3', '区'), ('610200', '铜川市', '610000', '0919', '2', '市'), ('610202', '王益区', '610200', '0919', '3', '区'), ('610203', '印台区', '610200', '0919', '3', '区'), ('610204', '耀州区', '610200', '0919', '3', '区'), ('610222', '宜君县', '610200', '0919', '3', '区'), ('610300', '宝鸡市', '610000', '0917', '2', '市'), ('610302', '渭滨区', '610300', '0917', '3', '区'), ('610303', '金台区', '610300', '0917', '3', '区'), ('610304', '陈仓区', '610300', '0917', '3', '区'), ('610322', '凤翔县', '610300', '0917', '3', '区'), ('610323', '岐山县', '610300', '0917', '3', '区'), ('610324', '扶风县', '610300', '0917', '3', '区'), ('610326', '眉县', '610300', '0917', '3', '区'), ('610327', '陇县', '610300', '0917', '3', '区'), ('610328', '千阳县', '610300', '0917', '3', '区'), ('610329', '麟游县', '610300', '0917', '3', '区'), ('610330', '凤县', '610300', '0917', '3', '区'), ('610331', '太白县', '610300', '0917', '3', '区'), ('610400', '咸阳市', '610000', '0910', '2', '市'), ('610402', '秦都区', '610400', '0910', '3', '区'), ('610403', '杨陵区', '610400', '0910', '3', '区'), ('610404', '渭城区', '610400', '0910', '3', '区'), ('610422', '三原县', '610400', '0910', '3', '区'), ('610423', '泾阳县', '610400', '0910', '3', '区'), ('610424', '乾县', '610400', '0910', '3', '区'), ('610425', '礼泉县', '610400', '0910', '3', '区'), ('610426', '永寿县', '610400', '0910', '3', '区'), ('610427', '彬县', '610400', '0910', '3', '区'), ('610428', '长武县', '610400', '0910', '3', '区'), ('610429', '旬邑县', '610400', '0910', '3', '区'), ('610430', '淳化县', '610400', '0910', '3', '区'), ('610431', '武功县', '610400', '0910', '3', '区'), ('610481', '兴平市', '610400', '0910', '3', '区'), ('610500', '渭南市', '610000', '0913', '2', '市'), ('610502', '临渭区', '610500', '0913', '3', '区'), ('610521', '华县', '610500', '0913', '3', '区'), ('610522', '潼关县', '610500', '0913', '3', '区'), ('610523', '大荔县', '610500', '0913', '3', '区'), ('610524', '合阳县', '610500', '0913', '3', '区'), ('610525', '澄城县', '610500', '0913', '3', '区'), ('610526', '蒲城县', '610500', '0913', '3', '区'), ('610527', '白水县', '610500', '0913', '3', '区'), ('610528', '富平县', '610500', '0913', '3', '区'), ('610581', '韩城市', '610500', '0913', '3', '区'), ('610582', '华阴市', '610500', '0913', '3', '区'), ('610600', '延安市', '610000', '0911', '2', '市'), ('610602', '宝塔区', '610600', '0911', '3', '区'), ('610621', '延长县', '610600', '0911', '3', '区'), ('610622', '延川县', '610600', '0911', '3', '区'), ('610623', '子长县', '610600', '0911', '3', '区'), ('610624', '安塞县', '610600', '0911', '3', '区'), ('610625', '志丹县', '610600', '0911', '3', '区'), ('610626', '吴起县', '610600', '0911', '3', '区'), ('610627', '甘泉县', '610600', '0911', '3', '区'), ('610628', '富县', '610600', '0911', '3', '区'), ('610629', '洛川县', '610600', '0911', '3', '区'), ('610630', '宜川县', '610600', '0911', '3', '区'), ('610631', '黄龙县', '610600', '0911', '3', '区'), ('610632', '黄陵县', '610600', '0911', '3', '区'), ('610700', '汉中市', '610000', '0916', '2', '市'), ('610702', '汉台区', '610700', '0916', '3', '区'), ('610721', '南郑县', '610700', '0916', '3', '区'), ('610722', '城固县', '610700', '0916', '3', '区'), ('610723', '洋县', '610700', '0916', '3', '区'), ('610724', '西乡县', '610700', '0916', '3', '区'), ('610725', '勉县', '610700', '0916', '3', '区'), ('610726', '宁强县', '610700', '0916', '3', '区'), ('610727', '略阳县', '610700', '0916', '3', '区'), ('610728', '镇巴县', '610700', '0916', '3', '区'), ('610729', '留坝县', '610700', '0916', '3', '区'), ('610730', '佛坪县', '610700', '0916', '3', '区'), ('610800', '榆林市', '610000', '0912', '2', '市'), ('610802', '榆阳区', '610800', '0912', '3', '区'), ('610821', '神木县', '610800', '0912', '3', '区'), ('610822', '府谷县', '610800', '0912', '3', '区'), ('610823', '横山县', '610800', '0912', '3', '区'), ('610824', '靖边县', '610800', '0912', '3', '区'), ('610825', '定边县', '610800', '0912', '3', '区'), ('610826', '绥德县', '610800', '0912', '3', '区'), ('610827', '米脂县', '610800', '0912', '3', '区'), ('610828', '佳县', '610800', '0912', '3', '区'), ('610829', '吴堡县', '610800', '0912', '3', '区'), ('610830', '清涧县', '610800', '0912', '3', '区'), ('610831', '子洲县', '610800', '0912', '3', '区'), ('610900', '安康市', '610000', '0915', '2', '市'), ('610902', '汉滨区', '610900', '0915', '3', '区'), ('610921', '汉阴县', '610900', '0915', '3', '区'), ('610922', '石泉县', '610900', '0915', '3', '区'), ('610923', '宁陕县', '610900', '0915', '3', '区'), ('610924', '紫阳县', '610900', '0915', '3', '区'), ('610925', '岚皋县', '610900', '0915', '3', '区'), ('610926', '平利县', '610900', '0915', '3', '区'), ('610927', '镇坪县', '610900', '0915', '3', '区'), ('610928', '旬阳县', '610900', '0915', '3', '区'), ('610929', '白河县', '610900', '0915', '3', '区'), ('611000', '商洛市', '610000', '0914', '2', '市'), ('611002', '商州区', '611000', '0914', '3', '区'), ('611021', '洛南县', '611000', '0914', '3', '区'), ('611022', '丹凤县', '611000', '0914', '3', '区'), ('611023', '商南县', '611000', '0914', '3', '区'), ('611024', '山阳县', '611000', '0914', '3', '区'), ('611025', '镇安县', '611000', '0914', '3', '区'), ('611026', '柞水县', '611000', '0914', '3', '区'), ('620000', '甘肃省', '0', '', '1', '省'), ('620100', '兰州市', '620000', '0931', '2', '市'), ('620102', '城关区', '620100', '0931', '3', '区'), ('620103', '七里河区', '620100', '0931', '3', '区'), ('620104', '西固区', '620100', '0931', '3', '区'), ('620105', '安宁区', '620100', '0931', '3', '区'), ('620111', '红古区', '620100', '0931', '3', '区'), ('620121', '永登县', '620100', '0931', '3', '区'), ('620122', '皋兰县', '620100', '0931', '3', '区'), ('620123', '榆中县', '620100', '0931', '3', '区'), ('620200', '嘉峪关市', '620000', '0937', '2', '市'), ('620201', '嘉峪关市', '620200', '0937', '3', '区'), ('620300', '金昌市', '620000', '0935', '2', '市'), ('620302', '金川区', '620300', '0935', '3', '区'), ('620321', '永昌县', '620300', '0935', '3', '区'), ('620400', '白银市', '620000', '0943', '2', '市'), ('620402', '白银区', '620400', '0943', '3', '区'), ('620403', '平川区', '620400', '0943', '3', '区'), ('620421', '靖远县', '620400', '0943', '3', '区'), ('620422', '会宁县', '620400', '0943', '3', '区'), ('620423', '景泰县', '620400', '0943', '3', '区'), ('620500', '天水市', '620000', '0938', '2', '市'), ('620502', '秦州区', '620500', '0938', '3', '区'), ('620503', '麦积区', '620500', '0938', '3', '区'), ('620521', '清水县', '620500', '0938', '3', '区'), ('620522', '秦安县', '620500', '0938', '3', '区'), ('620523', '甘谷县', '620500', '0938', '3', '区'), ('620524', '武山县', '620500', '0938', '3', '区'), ('620525', '张家川回族自治县', '620500', '0938', '3', '区'), ('620600', '武威市', '620000', '0935', '2', '市'), ('620602', '凉州区', '620600', '0935', '3', '区'), ('620621', '民勤县', '620600', '0935', '3', '区'), ('620622', '古浪县', '620600', '0935', '3', '区'), ('620623', '天祝藏族自治县', '620600', '0935', '3', '区'), ('620700', '张掖市', '620000', '0936', '2', '市'), ('620702', '甘州区', '620700', '0936', '3', '区'), ('620721', '肃南裕固族自治县', '620700', '0936', '3', '区'), ('620722', '民乐县', '620700', '0936', '3', '区'), ('620723', '临泽县', '620700', '0936', '3', '区'), ('620724', '高台县', '620700', '0936', '3', '区'), ('620725', '山丹县', '620700', '0936', '3', '区'), ('620800', '平凉市', '620000', '0933', '2', '市'), ('620802', '崆峒区', '620800', '0933', '3', '区'), ('620821', '泾川县', '620800', '0933', '3', '区'), ('620822', '灵台县', '620800', '0933', '3', '区'), ('620823', '崇信县', '620800', '0933', '3', '区'), ('620824', '华亭县', '620800', '0933', '3', '区'), ('620825', '庄浪县', '620800', '0933', '3', '区'), ('620826', '静宁县', '620800', '0933', '3', '区'), ('620900', '酒泉市', '620000', '0937', '2', '市'), ('620902', '肃州区', '620900', '0937', '3', '区'), ('620921', '金塔县', '620900', '0937', '3', '区'), ('620922', '瓜州县', '620900', '0937', '3', '区'), ('620923', '肃北蒙古族自治县', '620900', '0937', '3', '区'), ('620924', '阿克塞哈萨克族自治县', '620900', '0937', '3', '区'), ('620981', '玉门市', '620900', '0937', '3', '区'), ('620982', '敦煌市', '620900', '0937', '3', '区'), ('621000', '庆阳市', '620000', '0934', '2', '市'), ('621002', '西峰区', '621000', '0934', '3', '区'), ('621021', '庆城县', '621000', '0934', '3', '区'), ('621022', '环县', '621000', '0934', '3', '区'), ('621023', '华池县', '621000', '0934', '3', '区'), ('621024', '合水县', '621000', '0934', '3', '区'), ('621025', '正宁县', '621000', '0934', '3', '区'), ('621026', '宁县', '621000', '0934', '3', '区'), ('621027', '镇原县', '621000', '0934', '3', '区'), ('621100', '定西市', '620000', '0932', '2', '市'), ('621102', '安定区', '621100', '0932', '3', '区'), ('621121', '通渭县', '621100', '0932', '3', '区'), ('621122', '陇西县', '621100', '0932', '3', '区'), ('621123', '渭源县', '621100', '0932', '3', '区'), ('621124', '临洮县', '621100', '0932', '3', '区'), ('621125', '漳县', '621100', '0932', '3', '区'), ('621126', '岷县', '621100', '0932', '3', '区'), ('621200', '陇南市', '620000', '0939', '2', '市'), ('621202', '武都区', '621200', '0939', '3', '区'), ('621221', '成县', '621200', '0939', '3', '区'), ('621222', '文县', '621200', '0939', '3', '区'), ('621223', '宕昌县', '621200', '0939', '3', '区'), ('621224', '康县', '621200', '0939', '3', '区'), ('621225', '西和县', '621200', '0939', '3', '区'), ('621226', '礼县', '621200', '0939', '3', '区'), ('621227', '徽县', '621200', '0939', '3', '区'), ('621228', '两当县', '621200', '0939', '3', '区'), ('622900', '临夏回族自治州', '620000', '0930', '2', '市'), ('622901', '临夏市', '622900', '0930', '3', '区'), ('622921', '临夏县', '622900', '0930', '3', '区'), ('622922', '康乐县', '622900', '0930', '3', '区'), ('622923', '永靖县', '622900', '0930', '3', '区'), ('622924', '广河县', '622900', '0930', '3', '区'), ('622925', '和政县', '622900', '0930', '3', '区'), ('622926', '东乡族自治县', '622900', '0930', '3', '区'), ('622927', '积石山保安族东乡族撒拉族自治县', '622900', '0930', '3', '区'), ('623000', '甘南藏族自治州', '620000', '0941', '2', '市'), ('623001', '合作市', '623000', '0941', '3', '区'), ('623021', '临潭县', '623000', '0941', '3', '区'), ('623022', '卓尼县', '623000', '0941', '3', '区'), ('623023', '舟曲县', '623000', '0941', '3', '区'), ('623024', '迭部县', '623000', '0941', '3', '区'), ('623025', '玛曲县', '623000', '0941', '3', '区'), ('623026', '碌曲县', '623000', '0941', '3', '区'), ('623027', '夏河县', '623000', '0941', '3', '区'), ('630000', '青海省', '0', '', '1', '省'), ('630100', '西宁市', '630000', '0971', '2', '市'), ('630102', '城东区', '630100', '0971', '3', '区'), ('630103', '城中区', '630100', '0971', '3', '区'), ('630104', '城西区', '630100', '0971', '3', '区'), ('630105', '城北区', '630100', '0971', '3', '区'), ('630121', '大通回族土族自治县', '630100', '0971', '3', '区'), ('630122', '湟中县', '630100', '0971', '3', '区'), ('630123', '湟源县', '630100', '0971', '3', '区'), ('632100', '海东地区', '630000', '0972', '2', '市'), ('632121', '平安县', '632100', '0972', '3', '区'), ('632122', '民和回族土族自治县', '632100', '0972', '3', '区'), ('632123', '乐都县', '632100', '0972', '3', '区'), ('632126', '互助土族自治县', '632100', '0972', '3', '区'), ('632127', '化隆回族自治县', '632100', '0972', '3', '区'), ('632128', '循化撒拉族自治县', '632100', '0972', '3', '区'), ('632200', '海北藏族自治州', '630000', '0970', '2', '市'), ('632221', '门源回族自治县', '632200', '0970', '3', '区'), ('632222', '祁连县', '632200', '0970', '3', '区'), ('632223', '海晏县', '632200', '0970', '3', '区'), ('632224', '刚察县', '632200', '0970', '3', '区'), ('632300', '黄南藏族自治州', '630000', '0973', '2', '市'), ('632321', '同仁县', '632300', '0973', '3', '区'), ('632322', '尖扎县', '632300', '0973', '3', '区'), ('632323', '泽库县', '632300', '0973', '3', '区'), ('632324', '河南蒙古族自治县', '632300', '0973', '3', '区'), ('632500', '海南藏族自治州', '630000', '0974', '2', '市'), ('632521', '共和县', '632500', '0974', '3', '区'), ('632522', '同德县', '632500', '0974', '3', '区'), ('632523', '贵德县', '632500', '0974', '3', '区'), ('632524', '兴海县', '632500', '0974', '3', '区'), ('632525', '贵南县', '632500', '0974', '3', '区'), ('632600', '果洛藏族自治州', '630000', '0975', '2', '市'), ('632621', '玛沁县', '632600', '0975', '3', '区'), ('632622', '班玛县', '632600', '0975', '3', '区'), ('632623', '甘德县', '632600', '0975', '3', '区'), ('632624', '达日县', '632600', '0975', '3', '区'), ('632625', '久治县', '632600', '0975', '3', '区'), ('632626', '玛多县', '632600', '0975', '3', '区'), ('632700', '玉树藏族自治州', '630000', '0976', '2', '市'), ('632721', '玉树县', '632700', '0976', '3', '区'), ('632722', '杂多县', '632700', '0976', '3', '区'), ('632723', '称多县', '632700', '0976', '3', '区'), ('632724', '治多县', '632700', '0976', '3', '区'), ('632725', '囊谦县', '632700', '0976', '3', '区'), ('632726', '曲麻莱县', '632700', '0976', '3', '区'), ('632800', '海西蒙古族藏族自治州', '630000', '0977', '2', '市'), ('632801', '格尔木市', '632800', '0977', '3', '区'), ('632802', '德令哈市', '632800', '0977', '3', '区'), ('632821', '乌兰县', '632800', '0977', '3', '区'), ('632822', '都兰县', '632800', '0977', '3', '区'), ('632823', '天峻县', '632800', '0977', '3', '区'), ('640000', '宁夏回族自治区', '0', '', '1', '省'), ('640100', '银川市', '640000', '0951', '2', '市'), ('640104', '兴庆区', '640100', '0951', '3', '区'), ('640105', '西夏区', '640100', '0951', '3', '区'), ('640106', '金凤区', '640100', '0951', '3', '区'), ('640121', '永宁县', '640100', '0951', '3', '区'), ('640122', '贺兰县', '640100', '0951', '3', '区'), ('640181', '灵武市', '640100', '0951', '3', '区'), ('640200', '石嘴山市', '640000', '0952', '2', '市'), ('640202', '大武口区', '640200', '0952', '3', '区'), ('640205', '惠农区', '640200', '0952', '3', '区'), ('640221', '平罗县', '640200', '0952', '3', '区'), ('640300', '吴忠市', '640000', '0953', '2', '市'), ('640302', '利通区', '640300', '0953', '3', '区'), ('640303', '红寺堡区', '640300', '0953', '3', '区'), ('640323', '盐池县', '640300', '0953', '3', '区'), ('640324', '同心县', '640300', '0953', '3', '区'), ('640381', '青铜峡市', '640300', '0953', '3', '区'), ('640400', '固原市', '640000', '0954', '2', '市'), ('640402', '原州区', '640400', '0954', '3', '区'), ('640422', '西吉县', '640400', '0954', '3', '区'), ('640423', '隆德县', '640400', '0954', '3', '区'), ('640424', '泾源县', '640400', '0954', '3', '区'), ('640425', '彭阳县', '640400', '0954', '3', '区'), ('640500', '中卫市', '640000', '0977', '2', '市'), ('640502', '沙坡头区', '640500', '0977', '3', '区'), ('640521', '中宁县', '640500', '0977', '3', '区'), ('640522', '海原县', '640500', '0977', '3', '区'), ('650000', '新疆维吾尔自治区', '0', '', '1', '省'), ('650100', '乌鲁木齐市', '650000', '0991', '2', '市'), ('650102', '天山区', '650100', '0991', '3', '区'), ('650103', '沙依巴克区', '650100', '0991', '3', '区'), ('650104', '新市区', '650100', '0991', '3', '区'), ('650105', '水磨沟区', '650100', '0991', '3', '区'), ('650106', '头屯河区', '650100', '0991', '3', '区'), ('650107', '达坂城区', '650100', '0991', '3', '区'), ('650109', '米东区', '650100', '0991', '3', '区'), ('650121', '乌鲁木齐县', '650100', '0991', '3', '区'), ('650200', '克拉玛依市', '650000', '0990', '2', '市'), ('650202', '独山子区', '650200', '0992', '3', '区'), ('650203', '克拉玛依区', '650200', '0990', '3', '区'), ('650204', '白碱滩区', '650200', '0990', '3', '区'), ('650205', '乌尔禾区', '650200', '0990', '3', '区'), ('652100', '吐鲁番地区', '650000', '0995', '2', '市'), ('652101', '吐鲁番市', '652100', '0995', '3', '区'), ('652122', '鄯善县', '652100', '0995', '3', '区'), ('652123', '托克逊县', '652100', '0995', '3', '区'), ('652200', '哈密地区', '650000', '0902', '2', '市'), ('652201', '哈密市', '652200', '0902', '3', '区'), ('652222', '巴里坤哈萨克自治县', '652200', '0902', '3', '区'), ('652223', '伊吾县', '652200', '0902', '3', '区'), ('652300', '昌吉回族自治州', '650000', '0994', '2', '市'), ('652301', '昌吉市', '652300', '0994', '3', '区'), ('652302', '阜康市', '652300', '0994', '3', '区'), ('652323', '呼图壁县', '652300', '0994', '3', '区'), ('652324', '玛纳斯县', '652300', '0994', '3', '区'), ('652325', '奇台县', '652300', '0994', '3', '区'), ('652327', '吉木萨尔县', '652300', '0994', '3', '区'), ('652328', '木垒哈萨克自治县', '652300', '0994', '3', '区'), ('652700', '博尔塔拉蒙古自治州', '650000', '0909', '2', '市'), ('652701', '博乐市', '652700', '0909', '3', '区'), ('652722', '精河县', '652700', '0909', '3', '区'), ('652723', '温泉县', '652700', '0909', '3', '区'), ('652800', '巴音郭楞蒙古自治州', '650000', '0996', '2', '市'), ('652801', '库尔勒市', '652800', '0996', '3', '区'), ('652822', '轮台县', '652800', '0996', '3', '区'), ('652823', '尉犁县', '652800', '0996', '3', '区'), ('652824', '若羌县', '652800', '0996', '3', '区'), ('652825', '且末县', '652800', '0996', '3', '区'), ('652826', '焉耆回族自治县', '652800', '0996', '3', '区'), ('652827', '和静县', '652800', '0996', '3', '区'), ('652828', '和硕县', '652800', '0996', '3', '区'), ('652829', '博湖县', '652800', '0996', '3', '区'), ('652900', '阿克苏地区', '650000', '0997', '2', '市'), ('652901', '阿克苏市', '652900', '0997', '3', '区'), ('652922', '温宿县', '652900', '0997', '3', '区'), ('652923', '库车县', '652900', '0997', '3', '区'), ('652924', '沙雅县', '652900', '0997', '3', '区'), ('652925', '新和县', '652900', '0997', '3', '区'), ('652926', '拜城县', '652900', '0997', '3', '区'), ('652927', '乌什县', '652900', '0997', '3', '区'), ('652928', '阿瓦提县', '652900', '0997', '3', '区'), ('652929', '柯坪县', '652900', '0997', '3', '区'), ('653000', '克孜勒苏柯尔克孜自治州', '650000', '0908', '2', '市'), ('653001', '阿图什市', '653000', '0908', '3', '区'), ('653022', '阿克陶县', '653000', '0908', '3', '区'), ('653023', '阿合奇县', '653000', '0997', '3', '区'), ('653024', '乌恰县', '653000', '0908', '3', '区'), ('653100', '喀什地区', '650000', '0998', '2', '市'), ('653101', '喀什市', '653100', '0998', '3', '区'), ('653121', '疏附县', '653100', '0998', '3', '区'), ('653122', '疏勒县', '653100', '0998', '3', '区'), ('653123', '英吉沙县', '653100', '0998', '3', '区'), ('653124', '泽普县', '653100', '0998', '3', '区'), ('653125', '莎车县', '653100', '0998', '3', '区'), ('653126', '叶城县', '653100', '0998', '3', '区'), ('653127', '麦盖提县', '653100', '0998', '3', '区'), ('653128', '岳普湖县', '653100', '0998', '3', '区'), ('653129', '伽师县', '653100', '0998', '3', '区'), ('653130', '巴楚县', '653100', '0998', '3', '区'), ('653131', '塔什库尔干塔吉克自治县', '653100', '0998', '3', '区'), ('653200', '和田地区', '650000', '0903', '2', '市'), ('653201', '和田市', '653200', '0903', '3', '区'), ('653221', '和田县', '653200', '0903', '3', '区'), ('653222', '墨玉县', '653200', '0903', '3', '区'), ('653223', '皮山县', '653200', '0903', '3', '区'), ('653224', '洛浦县', '653200', '0903', '3', '区'), ('653225', '策勒县', '653200', '0903', '3', '区'), ('653226', '于田县', '653200', '0903', '3', '区'), ('653227', '民丰县', '653200', '0903', '3', '区'), ('654000', '伊犁哈萨克自治州', '650000', '0999', '2', '市'), ('654002', '伊宁市', '654000', '0999', '3', '区'), ('654003', '奎屯市', '654000', '0992', '3', '区'), ('654021', '伊宁县', '654000', '0999', '3', '区'), ('654022', '察布查尔锡伯自治县', '654000', '0999', '3', '区'), ('654023', '霍城县', '654000', '0999', '3', '区'), ('654024', '巩留县', '654000', '0999', '3', '区'), ('654025', '新源县', '654000', '0999', '3', '区'), ('654026', '昭苏县', '654000', '0999', '3', '区'), ('654027', '特克斯县', '654000', '0999', '3', '区'), ('654028', '尼勒克县', '654000', '0999', '3', '区'), ('654200', '塔城地区', '650000', '0901', '2', '市'), ('654201', '塔城市', '654200', '0901', '3', '区'), ('654202', '乌苏市', '654200', '0992', '3', '区'), ('654221', '额敏县', '654200', '0901', '3', '区'), ('654223', '沙湾县', '654200', '0993', '3', '区'), ('654224', '托里县', '654200', '0901', '3', '区'), ('654225', '裕民县', '654200', '0901', '3', '区'), ('654226', '和布克赛尔蒙古自治县', '654200', '0990', '3', '区'), ('654300', '阿勒泰地区', '650000', '0906', '2', '市'), ('654301', '阿勒泰市', '654300', '0906', '3', '区'), ('654321', '布尔津县', '654300', '0906', '3', '区'), ('654322', '富蕴县', '654300', '0906', '3', '区'), ('654323', '福海县', '654300', '0906', '3', '区'), ('654324', '哈巴河县', '654300', '0906', '3', '区'), ('654325', '青河县', '654300', '0906', '3', '区'), ('654326', '吉木乃县', '654300', '0906', '3', '区'), ('659000', '自治区直辖', '650000', '', '2', '市'), ('659001', '石河子市', '659000', '0993', '3', '区'), ('659002', '阿拉尔市', '659000', '0997', '3', '区'), ('659003', '图木舒克市', '659000', '0998', '3', '区'), ('659004', '五家渠市', '659000', '0994', '3', '区'), ('710000', '台湾省', '0', '', '1', '省'), ('710100', '台北市', '710000', '00886', '2', '市'), ('710101', '中正区', '710100', '00886', '3', '区'), ('710102', '大同区', '710100', '00886', '3', '区'), ('710103', '中山区', '710100', '00886', '3', '区'), ('710104', '松山区', '710100', '00886', '3', '区'), ('710105', '大安区', '710100', '00886', '3', '区'), ('710106', '万华区', '710100', '00886', '3', '区'), ('710107', '信义区', '710100', '00886', '3', '区'), ('710108', '士林区', '710100', '00886', '3', '区'), ('710109', '北投区', '710100', '00886', '3', '区'), ('710110', '内湖区', '710100', '00886', '3', '区'), ('710111', '南港区', '710100', '00886', '3', '区'), ('710112', '文山区', '710100', '00886', '3', '区'), ('710200', '高雄市', '710000', '00886', '2', '市'), ('710201', '新兴区', '710200', '00886', '3', '区'), ('710202', '前金区', '710200', '00886', '3', '区'), ('710203', '芩雅区', '710200', '00886', '3', '区'), ('710204', '盐埕区', '710200', '00886', '3', '区'), ('710205', '鼓山区', '710200', '00886', '3', '区'), ('710206', '旗津区', '710200', '00886', '3', '区'), ('710207', '前镇区', '710200', '00886', '3', '区'), ('710208', '三民区', '710200', '00886', '3', '区'), ('710209', '左营区', '710200', '00886', '3', '区'), ('710210', '楠梓区', '710200', '00886', '3', '区'), ('710211', '小港区', '710200', '00886', '3', '区'), ('710300', '基隆市', '710000', '00886', '2', '市'), ('710301', '仁爱区', '710300', '00886', '3', '区'), ('710302', '信义区', '710300', '00886', '3', '区'), ('710303', '中正区', '710300', '00886', '3', '区'), ('710304', '中山区', '710300', '00886', '3', '区'), ('710305', '安乐区', '710300', '00886', '3', '区'), ('710306', '暖暖区', '710300', '00886', '3', '区'), ('710307', '七堵区', '710300', '00886', '3', '区'), ('710400', '台中市', '710000', '00886', '2', '市'), ('710401', '中区', '710400', '00886', '3', '区'), ('710402', '东区', '710400', '00886', '3', '区'), ('710403', '南区', '710400', '00886', '3', '区'), ('710404', '西区', '710400', '00886', '3', '区'), ('710405', '北区', '710400', '00886', '3', '区'), ('710406', '北屯区', '710400', '00886', '3', '区'), ('710407', '西屯区', '710400', '00886', '3', '区'), ('710408', '南屯区', '710400', '00886', '3', '区'), ('710500', '台南市', '710000', '00886', '2', '市'), ('710501', '中西区', '710500', '00886', '3', '区'), ('710502', '东区', '710500', '00886', '3', '区'), ('710503', '南区', '710500', '00886', '3', '区'), ('710504', '北区', '710500', '00886', '3', '区'), ('710505', '安平区', '710500', '00886', '3', '区'), ('710506', '安南区', '710500', '00886', '3', '区'), ('710600', '新竹市', '710000', '00886', '2', '市'), ('710601', '东区', '710600', '00886', '3', '区'), ('710602', '北区', '710600', '00886', '3', '区'), ('710603', '香山区', '710600', '00886', '3', '区'), ('710700', '嘉义市', '710000', '00886', '2', '市'), ('710701', '东区', '710700', '00886', '3', '区'), ('710702', '西区', '710700', '00886', '3', '区'), ('719000', '省直辖', '710000', '00886', '2', '市'), ('719001', '台北县', '719000', '00886', '3', '区'), ('719002', '宜兰县', '719000', '00886', '3', '区'), ('719003', '新竹县', '719000', '00886', '3', '区'), ('719004', '桃园县', '719000', '00886', '3', '区'), ('719005', '苗栗县', '719000', '00886', '3', '区'), ('719006', '台中县', '719000', '00886', '3', '区'), ('719007', '彰化县', '719000', '00886', '3', '区'), ('719008', '南投县', '719000', '00886', '3', '区'), ('719009', '嘉义县', '719000', '00886', '3', '区'), ('719010', '云林县', '719000', '00886', '3', '区'), ('719011', '台南县', '719000', '00886', '3', '区'), ('719012', '高雄县', '719000', '00886', '3', '区'), ('719013', '屏东县', '719000', '00886', '3', '区'), ('719014', '台东县', '719000', '00886', '3', '区'), ('719015', '花莲县', '719000', '00886', '3', '区'), ('719016', '澎湖县', '719000', '00886', '3', '区'), ('810000', '香港', '0', '', '1', '省'), ('810100', '香港島', '810000', '00852', '2', '市'), ('810101', '中西區', '810100', '00852', '3', '区'), ('810102', '灣仔區', '810100', '00852', '3', '区'), ('810103', '東區', '810100', '00852', '3', '区'), ('810104', '南區', '810100', '00852', '3', '区'), ('810200', '九龍', '810000', '00852', '2', '市'), ('810201', '油尖旺區', '810200', '00852', '3', '区'), ('810202', '深水埗區', '810200', '00852', '3', '区'), ('810203', '九龍城區', '810200', '00852', '3', '区'), ('810204', '黃大仙區', '810200', '00852', '3', '区'), ('810205', '觀塘區', '810200', '00852', '3', '区'), ('810300', '新界', '810000', '00852', '2', '市'), ('810301', '北區', '810300', '00852', '3', '区'), ('810302', '大埔區', '810300', '00852', '3', '区'), ('810303', '沙田區', '810300', '00852', '3', '区'), ('810304', '西貢區', '810300', '00852', '3', '区'), ('810305', '荃灣區', '810300', '00852', '3', '区'), ('810306', '屯門區', '810300', '00852', '3', '区'), ('810307', '元朗區', '810300', '00852', '3', '区'), ('810308', '葵青區', '810300', '00852', '3', '区'), ('810309', '離島區', '810300', '00852', '3', '区'), ('820000', '澳门特别行政区', '0', '', '1', '省'), ('820100', '澳门半岛', '820000', '00853', '2', '市'), ('820101', '花地玛堂区', '820100', '00853', '3', '区'), ('820102', '圣安多尼堂区', '820100', '00853', '3', '区'), ('820103', '大堂区', '820100', '00853', '3', '区'), ('820104', '望德堂区', '820100', '00853', '3', '区'), ('820105', '风顺堂区', '820100', '00853', '3', '区'), ('820200', '澳门离岛', '820000', '00853', '2', '市'), ('820201', '嘉模堂区', '820200', '00853', '3', '区'), ('820202', '圣方济各堂区', '820200', '00853', '3', '区'), ('820300', '无堂区划分区域', '820000', '00853', '2', '市'), ('820301', '路氹城', '820300', '00853', '3', '区');
COMMIT;

-- ----------------------------
--  Table structure for `ADVERTISEMENT`
-- ----------------------------
DROP TABLE IF EXISTS `ADVERTISEMENT`;
CREATE TABLE `ADVERTISEMENT` (
  `advertisement_id` int(11) NOT NULL AUTO_INCREMENT,
  `advertisement_title` varchar(255) DEFAULT NULL,
  `advertisement_bigphoto_url` varchar(255) DEFAULT NULL,
  `advertisement_smallphoto_url` varchar(255) DEFAULT NULL,
  `advertisement_type` varchar(30) DEFAULT NULL,
  `advertisement_summary` varchar(255) DEFAULT NULL,
  `advertisement_content` text,
  `advertisement_create_time` timestamp NOT NULL DEFAULT CURRENT_TIMESTAMP,
  `advertisement_istop` tinyint(4) NOT NULL DEFAULT '0',
  `advertisement_status` tinyint(4) NOT NULL DEFAULT '0',
  PRIMARY KEY (`advertisement_id`)
) ENGINE=InnoDB AUTO_INCREMENT=17 DEFAULT CHARSET=utf8;

-- ----------------------------
--  Records of `ADVERTISEMENT`
-- ----------------------------
BEGIN;
INSERT INTO `ADVERTISEMENT` VALUES ('2', '终极救市王炸出炉：央行将为市场提供流动性', '/BBCall/ADupload/2015070639sUJixtpv28f7uB.jpg', '/BBCall/ADupload/20150706bTuw9q3voEe8klAK.jpg', '16001', '证监会晚间发布：央行将给予证金公司流动性支持。', '<p style=\"margin-top: 0px; margin-bottom: 29px; padding: 0px; line-height: 28px; font-family: 宋体, Arial, sans-serif; font-size: 15.9995994567871px; white-space: normal; text-indent: 2em; background-color: rgb(255, 255, 255);\">公告内容如下：为了维护股票市场稳定，中国证监会决定，充分发挥中国证券金融股份有限公司（下称证金公司）的作用，多渠道筹集资金，扩大业务规模，增强维护市场稳定的能力。中国人民银行将协助通过多种形式给予中国证券金融股份有限公司流动性支持。</p><p style=\"margin-top: 0px; margin-bottom: 29px; padding: 0px; line-height: 28px; font-family: 宋体, Arial, sans-serif; font-size: 15.9995994567871px; white-space: normal; text-indent: 2em; background-color: rgb(255, 255, 255);\">目前央行网站尚无此消息。</p><p style=\"margin-top: 0px; margin-bottom: 29px; padding: 0px; line-height: 28px; font-family: 宋体, Arial, sans-serif; font-size: 15.9995994567871px; white-space: normal; text-indent: 2em; background-color: rgb(255, 255, 255);\">根据章程，证金公司负责为券商两融业务提供转融通服务，并可直接买卖股票。</p><p style=\"margin-top: 0px; margin-bottom: 29px; padding: 0px; line-height: 28px; font-family: 宋体, Arial, sans-serif; font-size: 15.9995994567871px; white-space: normal; text-indent: 2em; background-color: rgb(255, 255, 255);\">作为券商救市的后盾，证金公司未来将获得央行提供的流动性支持，这意味着在某种程度上，央行将为救市行动提供终极支持，并在行动中保持了相当的灵活性。</p><p style=\"margin-top: 0px; margin-bottom: 29px; padding: 0px; line-height: 28px; font-family: 宋体, Arial, sans-serif; font-size: 15.9995994567871px; white-space: normal; text-indent: 2em; background-color: rgb(255, 255, 255);\"><a class=\"a-tips-Article-QQ\" href=\"http://gu.qq.com/sh601688\" target=\"_blank\" style=\"outline: none; color: rgb(0, 0, 0); text-decoration: none; border-bottom-width: 1px; border-bottom-style: dotted; border-bottom-color: rgb(83, 109, 166);\">华泰证券</a>研究所金融首席分析师罗毅对腾讯证券表示，这一做法，确实是救市大招。证金公司刚刚完成增资，继续启动资金杠杆开展业务，央行为其提供流动性支持，可以快速帮助证金公司在救市行动中发挥作用。</p><p style=\"margin-top: 0px; margin-bottom: 29px; padding: 0px; line-height: 28px; font-family: 宋体, Arial, sans-serif; font-size: 15.9995994567871px; white-space: normal; text-indent: 2em; background-color: rgb(255, 255, 255);\">7月3日，中国证监会决定，证金公司进行第三次增资扩股，由现有股东进行增资，将现有注册资本从240亿元增资到约1000亿元。增资扩股后，证金公司还将多渠道筹集资金，用于扩大业务规模，维护资本市场稳定。</p><p style=\"margin-top: 0px; margin-bottom: 29px; padding: 0px; line-height: 28px; font-family: 宋体, Arial, sans-serif; font-size: 15.9995994567871px; white-space: normal; text-indent: 2em; background-color: rgb(255, 255, 255);\">证金公司成立于2011年10月28日，是中国境内唯一从事转融通业务的金融机构，旨在为证券公司融资融券业务提供配套服务。其股东单位有：上海证券交易所、深圳证券交易所、上海期货交易所、中国证券登记结算有限责任公司、中国金融期货交易所、大连商品交易所和郑州商品交易所。</p><p style=\"margin-top: 0px; margin-bottom: 29px; padding: 0px; line-height: 28px; font-family: 宋体, Arial, sans-serif; font-size: 15.9995994567871px; white-space: normal; text-indent: 2em; background-color: rgb(255, 255, 255);\">罗毅指出，未来央行给予证金公司流动性支持的方式可能多种多样，使用定向支持工具、在银行间市场开辟额外通道等，都是可选项。而证金公司未来影响市场的方式，可能主要还是通过支持券商开展融资融券业务，同时不排除证金公司直接入市的可能。理论上，证监会不禁止的业务，证金公司都可参与。</p><p style=\"margin-top: 0px; margin-bottom: 29px; padding: 0px; line-height: 28px; font-family: 宋体, Arial, sans-serif; font-size: 15.9995994567871px; white-space: normal; text-indent: 2em; background-color: rgb(255, 255, 255);\">复旦大学金融研究中心主任孙立坚认为，央行与证金公司这一组合存在多种可能性，不排除证金公司成立平准<a href=\"http://stock1.finance.qq.com/fund/index.htm\" target=\"_blank\" style=\"outline: none; color: rgb(0, 0, 0); text-decoration: none; border-bottom-width: 1px; border-bottom-style: dotted; border-bottom-color: rgb(83, 109, 166);\">基金</a>，央行负责注资。采用何种干预工具，可视市场的多空博弈，灵活选择。同时孙立坚认为，实际上央行可能不会动用大额资金，资本凭借自己的嗅觉会自己做出调整。</p><p style=\"margin-top: 0px; margin-bottom: 29px; padding: 0px; line-height: 28px; font-family: 宋体, Arial, sans-serif; font-size: 15.9995994567871px; white-space: normal; text-indent: 2em; background-color: rgb(255, 255, 255);\">国家信息中心首席经济师范剑平的看法与孙立坚类似，他分析称，华尔街有句格言，不要和美联储作对。不要过早把底牌亮给空方，其实谁都知道央行不会提供无限额度。单政府稳定市场的决心已明朗，空头自然会退，其实不用恶战，花不了多少流动性。需要注意的是，不能反手被多头利用。</p><p style=\"margin-top: 0px; margin-bottom: 29px; padding: 0px; line-height: 28px; font-family: 宋体, Arial, sans-serif; font-size: 15.9995994567871px; white-space: normal; text-indent: 2em; background-color: rgb(255, 255, 255);\">民族证券宏观分析师朱启民表示，央行通过多种形式给予证金公司流动性支持，这是决定性的一击！意味着理论上有无限的弹药救市，市场止跌是必然。</p><p style=\"margin-top: 0px; margin-bottom: 29px; padding: 0px; line-height: 28px; font-family: 宋体, Arial, sans-serif; font-size: 15.9995994567871px; white-space: normal; text-indent: 2em; background-color: rgb(255, 255, 255);\"><a class=\"a-tips-Article-QQ\" href=\"http://gu.qq.com/sh600030\" target=\"_blank\" style=\"outline: none; color: rgb(0, 0, 0); text-decoration: none; border-bottom-width: 1px; border-bottom-style: dotted; border-bottom-color: rgb(83, 109, 166);\">中信证券</a>首席经济学家诸建芳则认为，这表明了中央的立场，坚决维护资本市场稳定，有利于平复市场恐慌情绪，给投资者以信心。此外，央行未披露具体金额，说明这一流动性支持是开放性的，证金公司维护市场稳定需要多少资金都能从央行获得支持，对于市场来说可谓最大的利好。</p><p style=\"margin-top: 0px; margin-bottom: 29px; padding: 0px; line-height: 28px; font-family: 宋体, Arial, sans-serif; font-size: 15.9995994567871px; white-space: normal; text-indent: 2em; background-color: rgb(255, 255, 255);\">证金公司成立于2011年10月28日，是中国境内唯一从事转融通业务的金融机构，旨在为证券公司融资融券业务提供配套服务。其股东单位有：上海证券交易所、深圳证券交易所、上海期货交易所、中国证券登记结算有限责任公司、中国金融期货交易所、大连商品交易所和郑州商品交易所。</p><p style=\"margin-top: 0px; margin-bottom: 29px; padding: 0px; line-height: 28px; font-family: 宋体, Arial, sans-serif; font-size: 15.9995994567871px; white-space: normal; text-indent: 2em; background-color: rgb(255, 255, 255);\">截至2015年3月底，证券公司融资融券累计交易额23.5万亿元，日交易额达A股交易额的18%，融资融券余额达到14939.2亿元，占A股流通市值的3.8%。沪深市场标的证券为918只，开展融资融券业务的证券公司达到91家，投资者数量达到330万人。</p><p style=\"text-align: center;\"><img src=\"/BBCall/ADupload/image/20150706/1436121752878054531.png\" title=\"1436121752878054531.png\" alt=\"83025aafa40f4bfbdcba6011034f78f0f7361808.png\"/></p>', '2015-07-06 02:42:45', '1', '1'), ('3', '收评:沪指涨4.54%现4连阳 两市近1300股涨停', '/BBCall/ADupload/20150710WZbH7L6vIfzyMbg8.png', '/BBCall/ADupload/20150710DWbis1YoHO3i8684.jpg', '14003', '截至收盘，沪指报3877.80点，涨168.47点，涨幅4.54%，深成指报12038.14，涨527.80点，涨幅4.59%点.', '<p style=\"margin-top: 15px; margin-bottom: 15px; padding: 0px; font-size: 14px; line-height: 23px; color: rgb(51, 51, 51); font-family: 宋体; white-space: normal; background-color: rgb(255, 255, 255);\">新浪财经讯 周五早盘，两市开盘不一，沪指小幅低开后，下探迅速拉升，一路冲破3800、3900点两关口，10点50左右冲高回落，临近午盘，涨幅有所回落，午后开盘，沪指小幅回，之后在3900上下高位震荡，盘面上，题材股活跃，两市逾1300股涨停，板块集体飘红，临近盘尾，涨幅缩小。</p><p style=\"margin-top: 15px; margin-bottom: 15px; padding: 0px; font-size: 14px; line-height: 23px; color: rgb(51, 51, 51); font-family: 宋体; white-space: normal; background-color: rgb(255, 255, 255);\">　　截至收盘，沪指报3877.80点，涨168.47点，涨幅4.54%，成交6804.34亿，深成指报12038.14，涨527.80点，涨幅4.59%点，成交2473.29亿，创业板指报2535.89点，涨100.14点，涨幅4.11%，成交456.43亿。</p><p style=\"margin-top: 15px; margin-bottom: 15px; padding: 0px; font-size: 14px; line-height: 23px; color: rgb(51, 51, 51); font-family: 宋体; white-space: normal; background-color: rgb(255, 255, 255);\">　　板块方面，港口、家电、航天航空、军工涨幅靠前，石油、保险、房地产涨幅靠后。</p><p style=\"margin-top: 15px; margin-bottom: 15px; padding: 0px; font-size: 14px; line-height: 23px; color: rgb(51, 51, 51); font-family: 宋体; white-space: normal; background-color: rgb(255, 255, 255);\">　　新浪财经首席评论员老艾<a class=\"wt_article_link\" href=\"http://weibo.com/aitangming?zw=finance\" target=\"_blank\" style=\"color: rgb(61, 108, 176); text-decoration: none;\">[微博]</a>表示，连续第二天千股涨停，这已经不是超跌反弹这么简单了，种种迹象表明，牛市已在复苏的道路上。牛市诞生的核心因素没有改变，导致本轮大跌的杠杆威胁也已解决，牛市必然会重新回到上升趋势中来，再次收复5000点也不是没有可能。而对于个股来说，虽然连续两天涨停，但和近期跌幅相比，上涨空间仍然巨大，下周虽然有可能冲高回落，但后市仍然是以买为主，等待一步步收复失地。(<a href=\"http://finance.sina.com.cn/zl/stock/20150710/163622651697.shtml\" target=\"_blank\" style=\"color: rgb(93, 127, 162); text-decoration: none;\">点击阅读全文</a>)</p><p style=\"text-align:center\"><br/></p><p style=\"margin-top: 15px; margin-bottom: 15px; padding: 0px; font-size: 14px; line-height: 23px; color: rgb(51, 51, 51); font-family: 宋体; white-space: normal; background-color: rgb(255, 255, 255);\">　<strong>　后市展望：</strong></p><p style=\"margin-top: 15px; margin-bottom: 15px; padding: 0px; font-size: 14px; line-height: 23px; color: rgb(51, 51, 51); font-family: 宋体; white-space: normal; background-color: rgb(255, 255, 255);\">　　今日，指数继续高歌，个股再现涨停局面，此情此景，百年罕见。值得注意的是，昨日指数已经企稳，而今日市场再传利好，救市步伐仍在延续。可以说，直至今日，国家救市取得阶段性的胜利，阶段性稳定有望就此形成。全天看，买盘力量继续增加，但涨停个股有打开迹象，表明短期获利抛盘有出货嫌疑。而从历来市场走势看，反弹都不是一蹴而就的，特别是暴跌后的反弹，必然要经历反复的筑底。</p><p style=\"margin-top: 15px; margin-bottom: 15px; padding: 0px; font-size: 14px; line-height: 23px; color: rgb(51, 51, 51); font-family: 宋体; white-space: normal; background-color: rgb(255, 255, 255);\">　　因此，巨丰投顾郭一鸣认为，指数阶段底部逐步形成，后期总体反弹行情可期，但指数反弹中还有多次探底可能，切不可盲目重仓做多。在超跌反弹的当下，针对不同情况，做具体操作：首先，如果是近期底部抄底的，短期务必获利出局，等待二次探底；其次，前期重仓套牢的，借反弹减仓做差；再有，轻仓观望的，可逐步加仓，但要以再次大跌为介入点；总体上，两市中期向好情绪依旧，可重点关注具有业绩支撑的超跌个股，而对前期股东大幅减持的相关个股，中线可加大买进力度。</p><p style=\"margin-top: 15px; margin-bottom: 15px; padding: 0px; font-size: 14px; line-height: 23px; color: rgb(51, 51, 51); font-family: 宋体; white-space: normal; background-color: rgb(255, 255, 255);\">　　分析师表示，两市停牌个股仍超半数，其携带的强制平仓压力暂被隐藏，若密集复牌恐再次对市场造成较大冲击。目前看，“救市”已取得实质性进展，但尚不能确认触底反弹的大趋势。建议投资者谨慎参与短线抢反弹行情，可重点挖掘穿越牛熊的优质价值股(业绩+估值+成长空间/政策驱动)，考虑逐步介入。</p><p style=\"margin-top: 15px; margin-bottom: 15px; padding: 0px; font-size: 14px; line-height: 23px; color: rgb(51, 51, 51); font-family: 宋体; white-space: normal; background-color: rgb(255, 255, 255);\">　　天信投资：本轮牛市重要的动力是加杠杆，而近期的连续杀跌同样是杠杆的强制平仓。数据显示融资余额的峰值出现在6月18日，彼时沪深两市融资余额为2.26万亿元。截至7月8日，融资余额为1.456万亿元。我们可以看到近期的连续杀跌，市场的杠杆水平已经有了明显的下降，下跌是降杠杆最好的灵丹妙药。融资盘去杠杆的风险彻底释放，市场不用再担忧1.4万亿融资余额的爆仓风险，同样说明接下来的市场会是非常健康、稳健的上涨！</p><p style=\"margin-top: 15px; margin-bottom: 15px; padding: 0px; font-size: 14px; line-height: 23px; color: rgb(51, 51, 51); font-family: 宋体; white-space: normal; background-color: rgb(255, 255, 255);\">　　对于救市后的市场，仍需要自我消化，自我修复。融资盘的平仓已经进行了十几天，高峰压力已经接近尾声。两融的规模已经下来，待市场恐慌情绪稳定住，市场已经企稳。在对未来有信心、坚定看多的前提下，理性也告诉我们，现在格局在朝着企稳的方向进展，但是形成单边反弹的可能性依然不大，更可能是在此区域稳住盘整，逐步化解危机带来的冲击，之后才有望迎来真正的反弹行情。同时，随着资金去杠杆的发展，暴涨暴跌行情将会慢慢远去，在充分调整后，慢牛行情将会逐步到来。这个时候无论是何种股票都比较亢奋，普涨的时代短期到来，无需推荐，持仓的积极补仓，空仓的找熟悉的个股积极介入！</p><p><br/></p>', '2015-07-10 17:21:31', '1', '0'), ('9', 'test123456', '/BBCall/ADupload/201507159QnzWf1WRxQfhKKB.jpg', '/BBCall/ADupload/20150715fUGWilOrFKouyhkI.jpg', '18001', 'test123456test123456test123456', '<p>test123456test123456</p><p>test123456</p><p>test123456</p><p><img src=\"/BBCall/ADupload/image/20150715/1436898564191042166.jpg\" title=\"1436898564191042166.jpg\" alt=\"6275348_092352193000_2.jpg\"/></p>', '2015-07-15 02:29:31', '1', '1'), ('10', '123456778', '/BBCall/ADupload/20150716kCXBkfQdqfEgm5xM.jpg', '/BBCall/ADupload/20150716EvQ2qQo8YnnrXJaw.jpg', '16003', 'qwertqwrwedasf', '<p>在這裡輸入廣告內容 (Enter AD contents here)</p><p>asdhauisnasjdfaoswuhfsaudif</p>', '2015-07-16 01:51:32', '0', '0'), ('15', 'zxcvzxcv', '/BBCall/ADupload/20150716diEwQUjpxObdiDzQ.jpg', '/BBCall/ADupload/201507162Xe66jur6ianvNWF.png', '13003', 'zxcvzxcv', '<p>在這裡輸入廣告內容 (Enter AD contents here)</p><p>zxczxc</p>', '2015-07-16 02:23:27', '0', '1'), ('16', 'asdfdgasdf', '/BBCall/ADupload/20150716VdExmOAmchB4cB7D.jpg', '/BBCall/ADupload/20150716NN0nWhRhCHBdH8Y9.jpg', '22004', 'asdgasdfhsdg', '<p>在這裡輸入廣告內容 (Enter AD contents here)</p>', '2015-07-16 02:24:05', '0', '1');
COMMIT;

-- ----------------------------
--  Table structure for `BLACKLIST`
-- ----------------------------
DROP TABLE IF EXISTS `BLACKLIST`;
CREATE TABLE `BLACKLIST` (
  `blacklist_id` int(11) NOT NULL AUTO_INCREMENT,
  `blacklist_user_id` int(11) NOT NULL,
  `blacklist_master_id` int(11) NOT NULL,
  `blacklist_order_id` int(11) NOT NULL,
  `blacklist_create_time` timestamp NOT NULL DEFAULT '0000-00-00 00:00:00' ON UPDATE CURRENT_TIMESTAMP,
  `blacklist_master_name` varchar(30) DEFAULT NULL,
  `blacklist_master_pic` varchar(255) DEFAULT NULL,
  `blacklist_master_skill` text,
  `blacklist_master_grade` decimal(10,2) DEFAULT NULL,
  PRIMARY KEY (`blacklist_id`)
) ENGINE=InnoDB AUTO_INCREMENT=6 DEFAULT CHARSET=utf8;

-- ----------------------------
--  Records of `BLACKLIST`
-- ----------------------------
BEGIN;
INSERT INTO `BLACKLIST` VALUES ('4', '2', '4', '29', '2015-07-23 22:09:15', 'ddd', '/BBCall/UserPhoto/Male_photo.png', '洗衣（小） 寵物美容 ', '3.83'), ('5', '2', '3', '34', '2015-07-23 22:09:47', 'ccc', '/BBCall/UserPhoto/Female_photo.png', '上門洗衣 寵物服務 ', '3.00');
COMMIT;

-- ----------------------------
--  Table structure for `ORDERLIST`
-- ----------------------------
DROP TABLE IF EXISTS `ORDERLIST`;
CREATE TABLE `ORDERLIST` (
  `order_id` int(11) NOT NULL AUTO_INCREMENT,
  `order_create_time` timestamp NOT NULL DEFAULT CURRENT_TIMESTAMP,
  `order_end_time` timestamp NULL DEFAULT '0000-00-00 00:00:00',
  `order_book_time` timestamp NOT NULL DEFAULT '0000-00-00 00:00:00',
  `order_book_location` text NOT NULL,
  `order_book_location_code` int(11) NOT NULL,
  `order_contact_mobile` bigint(20) NOT NULL,
  `order_contact_name` varchar(30) NOT NULL,
  `order_pic_url` text,
  `order_description` text,
  `order_price` decimal(10,2) DEFAULT NULL,
  `order_urgent` bit(1) DEFAULT NULL,
  `order_urgent_bonus` decimal(10,2) DEFAULT NULL,
  `order_user_id` int(11) NOT NULL,
  `order_master_id` int(11) DEFAULT NULL,
  `order_type_code` int(11) NOT NULL,
  `order_type` varchar(30) NOT NULL,
  `order_status` int(11) DEFAULT NULL,
  `order_score` decimal(10,2) DEFAULT NULL,
  `order_evaluation` text,
  `order_remark` text,
  `order_section` int(11) NOT NULL,
  `order_refer_price` decimal(10,2) DEFAULT NULL,
  `order_master_name` varchar(30) DEFAULT NULL,
  PRIMARY KEY (`order_id`)
) ENGINE=InnoDB AUTO_INCREMENT=45 DEFAULT CHARSET=utf8;

-- ----------------------------
--  Records of `ORDERLIST`
-- ----------------------------
BEGIN;
INSERT INTO `ORDERLIST` VALUES ('12', '2015-07-10 12:13:00', '2015-07-10 12:13:00', '1992-10-19 23:52:00', '香港;香港島;中西區;西區999號', '810101', '13144445555', 'nameaaa', '', 'hi倪敏', '1111.00', b'0', '0.00', '1', '4', '15001', '洗衣（小）', '2', '3.20', '', '455', '2', '128.00', 'ddd'), ('13', '2015-07-10 12:57:47', '2015-07-10 12:57:47', '1992-10-19 23:52:00', '香港;香港島;中西區;西區999號', '810101', '13144445555', 'nameaaa', '', 'hi倪敏', '1111.00', b'0', '0.00', '1', '4', '15001', '洗衣（小）', '2', '4.10', null, '', '2', '128.00', 'ddd'), ('14', '2015-07-10 12:57:47', '2015-07-10 12:57:47', '1992-10-19 23:52:00', '香港;香港島;中西區;西區999號', '810101', '13144445555', 'nameaaa', '', 'hi倪敏', '1111.00', b'0', '0.00', '2', null, '15001', '洗衣（小）', '1', null, null, '', '2', '128.00', null), ('15', '2015-07-10 12:57:47', '2015-07-10 12:57:47', '1992-10-19 23:52:00', '香港;香港島;中西區;西區999號', '810101', '13144445555', 'nameaaa', '', 'hi倪敏', '1111.00', b'0', '0.00', '1', '3', '15001', '洗衣（小）', '2', '4.50', null, '', '2', '128.00', 'ddd'), ('16', '2015-07-10 12:57:47', '2015-07-10 12:57:47', '1992-10-19 23:52:00', '香港;香港島;中西區;西區999號', '810101', '13144445555', 'nameaaa', '', 'hi倪敏', '1111.00', b'0', '0.00', '2', null, '15001', '洗衣（小）', '2', null, null, null, '2', '128.00', 'ddd'), ('17', '2015-07-10 12:57:47', '2015-07-10 12:57:47', '1992-10-19 23:52:00', '香港;香港島;中西區;西區999號', '810101', '13144445555', 'nameaaa', '', 'hi倪敏', '1111.00', b'0', '0.00', '1', '4', '15001', '洗衣（小）', '2', null, null, '', '2', '128.00', 'ddd'), ('18', '2015-07-10 12:57:47', '2015-07-10 12:57:47', '1992-10-19 23:52:00', '香港;香港島;中西區;西區999號', '810101', '13144445555', 'nameaaa', '', 'hi倪敏', '1111.00', b'0', '0.00', '2', null, '15001', '洗衣（小）', '2', null, null, null, '2', '128.00', null), ('19', '2015-07-10 12:57:47', '2015-07-10 12:57:47', '1992-10-19 23:52:00', '香港;香港島;中西區;西區999號', '810101', '13144445555', 'nameaaa', '', 'hi倪敏', '1111.00', b'0', '0.00', '2', null, '15001', '洗衣（小）', '2', null, null, null, '2', '128.00', null), ('20', '2015-07-10 12:57:47', '2015-07-10 12:57:47', '1992-10-19 23:52:00', '香港;香港島;中西區;西區999號', '810101', '13144445555', 'nameaaa', '', 'hi倪敏', '1111.00', b'0', '0.00', '2', null, '15001', '洗衣（小）', '2', null, null, null, '2', '128.00', null), ('21', '2015-07-10 12:57:47', '2015-07-12 12:04:36', '1992-10-19 23:52:00', '香港;香港島;中西區;西區999號', '810101', '13144445555', 'nameaaa', '', 'hi倪敏', '1111.00', b'0', '0.00', '1', '3', '15001', '洗衣（小）', '2', '4.30', 'good', '', '2', '128.00', 'ccc'), ('22', '2015-07-10 13:55:20', '2015-07-10 13:55:20', '2015-07-10 12:52:00', '香港;香港島;中西區;西區999號', '810101', '13144445555', 'nameaaa', '', '啊啊啊吧测的', '20.00', b'0', '0.00', '2', '4', '15001', '洗衣（小）', '2', null, null, null, '2', '128.00', 'ddd'), ('33', '2015-07-12 15:28:59', null, '2015-07-10 11:14:00', 'xxx', '313421', '2134124', 'aaa', '', 'bb', '0.00', b'0', '0.00', '1', '4', '16001', 'ssss', '7', null, null, 'xxx', '1', '6.90', 'ddd'), ('34', '2015-07-15 20:24:59', null, '2015-09-11 10:14:00', 'looooooo', '810101', '131543925855', 'nameaaa', ' ', '1111', '1111.00', b'0', '0.00', '1', null, '19004', '除蟲除暪', '7', null, null, null, '4', '90.00', null), ('35', '2015-07-15 20:28:51', null, '2015-08-11 10:14:00', 'looooooo', '810101', '131543925855', 'nameaaa', ' ', '1111', '1111.00', b'0', '0.00', '1', null, '19004', '除蟲除暪', '2', null, null, null, '4', '90.00', null), ('36', '2015-07-15 20:29:15', null, '2015-08-11 10:14:00', 'looooooo', '999999', '131543925855', 'nameaaa', '', '1111', '0.00', b'1', '20.10', '1', '4', '19004', '除蟲除暪', '2', null, null, null, '4', '90.00', 'ddd'), ('37', '2015-07-15 20:33:07', '2015-07-15 22:32:13', '2015-08-11 10:14:00', 'looooooo', '810101', '131543925855', 'nameaaa', '', '1111', '0.00', b'1', '20.00', '1', '4', '19004', '除蟲除暪', '3', '4.00', 'soso', null, '4', '90.00', 'ddd'), ('38', '2015-07-15 20:40:03', null, '2015-08-11 10:14:00', 'looooooo', '810101', '131543925855', 'nameaaa', '', '1111', '1111.00', b'1', '20.00', '1', null, '19004', '除蟲除暪', '1', null, null, null, '4', '90.00', null), ('39', '2015-07-23 22:10:26', null, '2015-08-11 10:14:00', 'looooooo', '810101', '131543925855', 'nameaaa', '', '1111', '1111.00', b'1', '20.00', '1', null, '19004', '除蟲除暪', '1', null, null, null, '4', '90.00', null), ('40', '2015-07-23 22:17:52', null, '2015-08-11 10:14:00', 'looooooo', '810101', '131543925855', 'nameaaa', '', '1111', '1111.00', b'1', '20.00', '1', null, '19004', '除蟲除暪', '1', null, null, null, '4', '90.00', null), ('42', '2015-07-23 22:25:32', null, '2015-08-11 10:14:00', 'looooooo', '810101', '131543925855', 'nameaaa', '', '1111', '1111.00', b'1', '20.00', '2', null, '19004', '除蟲除暪', '1', null, null, null, '4', '90.00', null), ('43', '2015-07-23 22:28:59', null, '2015-08-11 10:14:00', 'looooooo', '810101', '131543925855', 'nameaaa', '', '1111', '1111.00', b'1', '20.00', '2', null, '19004', '除蟲除暪', '1', null, null, null, '4', '90.00', null), ('44', '2015-07-23 22:32:44', null, '2015-08-11 10:14:00', 'looooooo', '810101', '131543925855', 'nameaaa', '', '1111', '1111.00', b'1', '20.00', '1', null, '19004', '除蟲除暪', '1', null, null, null, '4', '90.00', null);
COMMIT;

-- ----------------------------
--  Table structure for `PREORDER`
-- ----------------------------
DROP TABLE IF EXISTS `PREORDER`;
CREATE TABLE `PREORDER` (
  `preorder_id` int(11) NOT NULL AUTO_INCREMENT,
  `preorder_master_account` varchar(30) DEFAULT NULL,
  `preorder_create_time` timestamp NOT NULL DEFAULT CURRENT_TIMESTAMP,
  `preorder_price` decimal(10,2) DEFAULT NULL,
  `preorder_order_id` int(11) NOT NULL,
  `preorder_master_id` int(11) NOT NULL,
  `preorder_master_name` varchar(30) DEFAULT NULL,
  `preorder_master_skill` text,
  `preorder_master_grade` decimal(10,2) DEFAULT NULL,
  `preorder_master_pic` varchar(255) DEFAULT NULL,
  PRIMARY KEY (`preorder_id`)
) ENGINE=InnoDB AUTO_INCREMENT=9 DEFAULT CHARSET=utf8;

-- ----------------------------
--  Records of `PREORDER`
-- ----------------------------
BEGIN;
INSERT INTO `PREORDER` VALUES ('1', 'fan', '2015-07-09 22:48:01', '20.00', '1', '12', 'hong', 'xx yy zz', '5.00', null), ('2', 'yoda', '2015-07-09 22:48:25', '10.00', '1', '10', 'llll', 'uu ii oo', '4.00', null), ('3', 'ddd', '2015-07-10 18:00:36', '40.10', '2', '4', 'ddd', '15000 16000 ', '2.01', '/BBCall/UserPhoto/Male_photo.png'), ('4', 'ddd', '2015-07-10 20:16:54', '40.20', '2', '4', 'ddd', '15000 16000 ', '2.02', '/BBCall/UserPhoto/Male_photo.png'), ('5', 'ddd', '2015-07-10 20:21:48', '40.30', '2', '4', 'ddd', '15000 16000 ', '3.00', '/BBCall/UserPhoto/Male_photo.png'), ('6', 'ddd', '2015-07-10 20:35:52', '50.00', '2', '4', 'ddd', '15000 16000 ', '4.00', '/BBCall/UserPhoto/Male_photo.png'), ('8', 'ddd', '2015-07-18 14:08:09', '20.00', '34', '4', 'ddd', '洗衣（小） 寵物美容 ', '3.83', '/BBCall/UserPhoto/Male_photo.png');
COMMIT;

-- ----------------------------
--  Table structure for `REFERDOC`
-- ----------------------------
DROP TABLE IF EXISTS `REFERDOC`;
CREATE TABLE `REFERDOC` (
  `referdoc_id` int(11) NOT NULL AUTO_INCREMENT,
  `referdoc_type` varchar(30) DEFAULT NULL,
  `referdoc_parentno` int(11) DEFAULT NULL,
  `referdoc_level` int(11) DEFAULT NULL,
  `referdoc_price` decimal(10,2) DEFAULT NULL,
  `referdoc_flag` bit(1) DEFAULT NULL,
  PRIMARY KEY (`referdoc_id`)
) ENGINE=InnoDB AUTO_INCREMENT=22035 DEFAULT CHARSET=utf8;

-- ----------------------------
--  Records of `REFERDOC`
-- ----------------------------
BEGIN;
INSERT INTO `REFERDOC` VALUES ('11000', '鋁窗工程', '0', '1', '0.00', b'1'), ('11001', '鋁窗檢查', '11000', '2', '20.00', b'0'), ('11002', '鋁窗維修保養', '11000', '2', '40.00', b'1'), ('11003', '安裝鋁窗', '11000', '2', '20.00', b'0'), ('11004', '其他', '11000', '2', '10.00', b'0'), ('12000', '到會服務', '0', '1', '0.00', b'0'), ('12001', '餐飲到會', '12000', '2', '60.00', b'0'), ('12002', '到會派對活動', '12000', '2', '20.00', b'0'), ('12003', '到會貼紙相機', '12000', '2', '20.00', b'0'), ('12004', '其他', '12000', '2', '20.00', b'0'), ('13000', '家居維修', '0', '1', '0.00', b'0'), ('13001', '開鎖', '13000', '2', '50.00', b'0'), ('13002', '電腦維修', '13000', '2', '30.00', b'0'), ('13003', '電器維修', '13000', '2', '30.00', b'0'), ('13004', '家居維修', '13000', '2', '30.00', b'0'), ('13005', '水電維修', '13000', '2', '30.00', b'0'), ('13006', '其他', '13000', '2', '30.00', b'0'), ('14000', '家務助理', '0', '1', '0.00', b'0'), ('14001', '陪月', '14000', '2', '40.00', b'0'), ('14002', '家務助理', '14000', '2', '40.00', b'0'), ('14003', '長者護理', '14000', '2', '40.00', b'0'), ('14004', '保姆', '14000', '2', '40.00', b'0'), ('14005', '其他', '14000', '2', '40.00', b'0'), ('15000', '上門洗衣', '0', '1', '0.00', b'1'), ('15001', '洗衣（小）', '15000', '2', '128.00', b'1'), ('15002', '洗衣（大）', '15000', '2', '288.00', b'1'), ('16000', '寵物服務', '0', '1', '0.00', b'0'), ('16001', '寵物美容', '16000', '2', '60.00', b'0'), ('16002', '上門獸醫', '16000', '2', '60.00', b'0'), ('16003', '寵物訓練', '16000', '2', '60.00', b'0'), ('16004', '寵物保姆', '16000', '2', '60.00', b'0'), ('16005', '寵物用品', '16000', '2', '60.00', b'0'), ('16006', '寵物善終', '16000', '2', '60.00', b'0'), ('16007', '其他', '16000', '2', '60.00', b'0'), ('17000', '美容美甲', '0', '1', '0.00', b'0'), ('17001', '上門美容', '17000', '2', '70.00', b'0'), ('17002', '上門美甲', '17000', '2', '70.00', b'0'), ('17003', '上門化妝', '17000', '2', '70.00', b'0'), ('17004', '其他', '17000', '2', '70.00', b'0'), ('18000', '智能家居', '0', '1', '0.00', b'0'), ('18001', '智能家庭系統', '18000', '2', '80.00', b'0'), ('18002', '節能工程', '18000', '2', '80.00', b'0'), ('18003', '防盜警報', '18000', '2', '80.00', b'0'), ('18004', '遙距監控', '18000', '2', '80.00', b'0'), ('18005', '其他', '18000', '2', '80.00', b'0'), ('19000', '滅蟲服務', '0', '1', '0.00', b'0'), ('19001', '白蟻防治', '19000', '2', '90.00', b'0'), ('19002', '蟑螂防治', '19000', '2', '90.00', b'0'), ('19003', '鼠類防治', '19000', '2', '90.00', b'0'), ('19004', '除蟲除暪', '19000', '2', '90.00', b'0'), ('19005', '其他', '19000', '2', '90.00', b'0'), ('20000', '迷你倉', '0', '1', '0.00', b'0'), ('20001', '文件', '20000', '2', '10.00', b'0'), ('20002', '運動器材', '20000', '2', '10.00', b'0'), ('20003', '紅酒', '20000', '2', '10.00', b'0'), ('20004', '一般', '20000', '2', '10.00', b'0'), ('20005', '其他', '20000', '2', '10.00', b'0'), ('21000', '推拿按摩', '0', '1', '0.00', b'0'), ('21001', '中醫推拿', '21000', '2', '20.00', b'0'), ('21002', '泰式按摩', '21000', '2', '20.00', b'0'), ('21003', '足底按摩', '21000', '2', '20.00', b'0'), ('21004', '香薰推油', '21000', '2', '20.00', b'0'), ('21005', '其他', '21000', '2', '20.00', b'0'), ('22000', '家教補習', '0', '1', '0.00', b'0'), ('22001', '小學', '22000', '2', '30.00', b'0'), ('22002', '中學', '22000', '2', '30.00', b'0'), ('22003', '專業外語', '22000', '2', '30.00', b'0'), ('22004', '樂理樂器', '22000', '2', '30.00', b'0'), ('22005', '體育運動', '22000', '2', '30.00', b'0'), ('22006', '其他', '22000', '2', '30.00', b'0'), ('22015', '2222', '0', '1', '0.00', b'0'), ('22017', 'ddagfa', '22015', '2', '33.22', b'0'), ('22018', 'gag', '22015', '2', '22.22', b'0'), ('22020', '12155', '22015', '2', '5585.00', b'1'), ('22021', '63yhs', '22015', '2', '646.00', b'0'), ('22023', '1441', '22015', '2', '4324.00', b'0'), ('22024', '41415', '22015', '2', '531.00', b'0'), ('22026', 'qfqqf', '22015', '2', '313.00', b'0'), ('22029', '222', '22015', '2', '444.00', b'0'), ('22030', '76i', '22015', '2', '30490.00', b'0'), ('22031', '095', '22015', '2', '222.00', b'1'), ('22034', 'sss', '0', '1', '0.00', b'0');
COMMIT;

-- ----------------------------
--  Table structure for `USER`
-- ----------------------------
DROP TABLE IF EXISTS `USER`;
CREATE TABLE `USER` (
  `user_id` int(11) NOT NULL AUTO_INCREMENT,
  `user_account` varchar(30) NOT NULL,
  `user_password` varchar(255) NOT NULL,
  `user_email` varchar(30) DEFAULT '',
  `user_mobile` bigint(20) DEFAULT '0',
  `user_type` tinyint(4) NOT NULL DEFAULT '0',
  `user_name` varchar(20) DEFAULT '',
  `user_gender` tinyint(4) DEFAULT '0',
  `user_pic_url` varchar(255) DEFAULT '',
  `user_language` varchar(100) DEFAULT '',
  `user_skill` varchar(255) DEFAULT '',
  `user_address_code` mediumint(9) DEFAULT '0',
  `user_address` varchar(100) DEFAULT '',
  `user_description` varchar(255) DEFAULT '',
  `user_access_group` varchar(30) NOT NULL DEFAULT '',
  `user_status` tinyint(4) NOT NULL DEFAULT '0',
  `user_create_time` timestamp NOT NULL DEFAULT CURRENT_TIMESTAMP,
  `user_login_time` timestamp NULL DEFAULT NULL,
  `user_token` varchar(255) DEFAULT '',
  `user_grade` double(11,2) DEFAULT '0.00',
  `user_skill_name` varchar(255) DEFAULT '',
  PRIMARY KEY (`user_id`)
) ENGINE=InnoDB AUTO_INCREMENT=32 DEFAULT CHARSET=utf8;

-- ----------------------------
--  Records of `USER`
-- ----------------------------
BEGIN;
INSERT INTO `USER` VALUES ('1', 'aaa', '7E240DE74FB1ED08FA08D38063F6A6A91462A815', 'aaa@163.com', '555214785', '4', 'nameaaa', '2', '/BBCall/UserPhoto/1_photo.jpg', 'Chinese;Cantonese;English', '12003;12001', '810101', '香港;香港島;中西區;西區999號', 'I am aaa, I am admin account.', 'superadmin_default', '1', '2015-06-07 01:08:21', '2015-07-30 04:24:55', '0pSQ5ClFOZKvf0oq0rTOQnGo9Snno5FZv6byR4kASVUU0tprjn', '0.00', '到會貼紙相機;餐飲到會'), ('2', 'bbb', '5CB138284D431ABD6A053A56625EC088BFB88912', 'bbb@qq.com', '44587915', '1', 'bbb', '1', '/BBCall/UserPhoto/Male_photo.png', 'Chinese;English', '14003;14002;14001;15002;15001;13003', '360202', '江西省;景德镇市;昌江区;123号', 'I am bbb, I am an user.', 'user_default', '1', '2015-06-07 01:10:07', '2015-07-30 04:12:34', 'Mdn4x2mlb3sBWBrQbagOJ0ubjlRb0fPu3J72TZOeg0n8Cw9qIt', '0.00', '長者護理;家務助理;陪月;洗衣（大）;洗衣（小）;電器維修'), ('3', 'ccc', 'F36B4825E5DB2CF7DD2D2593B3F5C24C0311D8B2', 'ccc@qq.com', '13100001111', '1', 'ccc', '2', '/BBCall/UserPhoto/Female_photo.png', 'Chinese', '', '0', '', '', 'user_default', '1', '2015-06-07 01:23:52', '2015-07-22 00:19:49', 'YHpdB4jloWHJe0cv8prbtFUUa8DkA6Jy9SYMUTVEShbAJDXlBH', '0.00', ''), ('4', 'ddd', '9C969DDF454079E3D439973BBAB63EA6233E4087', 'ddd@qq.com', '13122001112', '2', 'ddd', '1', '/BBCall/UserPhoto/Male_photo.png', 'Chinese;English', '18002;14002;20003', '440106', '广东省;广州市;天河区;太古汇二座', '', 'master_default', '1', '2015-06-07 05:01:36', '2015-07-29 03:34:22', 'stBVIPzLPY77BPrUmFN70zv04iqzlMy1YVZiwNAJgCgVyBzZzz', '0.00', '節能工程;家務助理;紅酒'), ('5', 'eee', '637A81ED8E8217BB01C15C67C39B43B0AB4E20F1', '', '0', '3', '', '1', '/BBCall/UserPhoto/Admin_photo.png', 'Chinese;Cantonese;English', '17001;12002;12001', '440106', '广东省;广州市;天河区;太古汇二座', '', 'admin_default', '1', '2015-06-07 05:08:13', '2015-07-17 18:29:45', '2nrh7VVArd6Pft9IBWacovKNd9SzrQL5Pp3SDugJqtrYjKjy92', '0.00', '上門美容;到會派對活動;餐飲到會'), ('9', 'wwwwww', 'B33B5E3E04DAE7C04D1E4DC759CA5C80E26E576A', 'www@qq.com', '131232323232', '2', 'wwwwww', '2', '/BBCall/UserPhoto/9_photo.png', 'Chinese;Cantonese', '16002;16001', '0', '', '', 'master_default', '1', '2015-07-11 13:14:31', '2015-07-11 16:46:07', '6fV0IApy8UZ8R5dcZKHgseCqxMTJ3H3MgUkjAAONns8kXDQlgx', '0.00', '上門獸醫;寵物美容'), ('11', 'rrrrrr', '5545D9E7B6C914922AD862858F65175656B6F341', 'rrraaa@qq.com', '11122223333', '2', 'rrrrrr', '1', '/BBCall/UserPhoto/11_photo.jpg', 'Chinese;Cantonese', '', '0', '', '', 'master_default', '1', '2015-07-11 14:01:22', null, '', '0.00', ''), ('12', '1234567', '20EABE5D64B0E216796E834F52D61FD0B70332FC', '', '0', '1', '', '0', '/BBCall/UserPhoto/Default_photo.png', '', '', '0', '', '', 'user_default', '3', '2015-07-11 16:06:34', null, '', '0.00', ''), ('13', 'ffffff', 'C81019207890DEB5CBA8CDA1DE0DD6B1C229EEFF', '', '0', '1', '', '0', '/BBCall/UserPhoto/Default_photo.png', '', '', '0', '', '', 'user_default', '2', '2015-07-12 19:51:08', null, '', '0.00', ''), ('14', 'qwerty', 'B1B3773A05C0ED0176787A4F1574FF0075F7521E', 'qwerty@qq.com', '13123232323', '2', 'qwerty', '1', '/BBCall/UserPhoto/14_photo.jpg', 'Cantonese;English', '', '810304', '香港;新界;西貢區;qwerty', '', 'master_default', '3', '2015-07-13 02:36:02', '2015-07-24 04:21:31', 'rwKH0CfYNqjzOmwxNvN3nSEMbyUsijjHnCQyZyj2xZijB56JcH', '0.00', ''), ('15', 'tttttt', '3292CCFAD2B02195CDB85F79124B12E476B65AC0', '', '0', '1', '', '0', '/BBCall/UserPhoto/Default_photo.png', '', '', '0', '', '', 'user_default', '1', '2015-07-13 03:05:57', null, '', '0.00', ''), ('16', 'oooooo', '7F8B6B25B3F62699BF073BE153438F81E9A2DC51', '', '0', '1', '', '0', '/BBCall/UserPhoto/Default_photo.png', '', '', '0', '', '', 'user_default', '1', '2015-07-15 02:04:11', null, '', '0.00', ''), ('17', 'pppppp', 'B572DC7BB7E0FF7E2887F32E1B733CFFDC954FAD', '', '0', '1', '', '0', '/BBCall/UserPhoto/Default_photo.png', '', '', '0', '', '', 'user_default', '1', '2015-07-15 02:07:26', null, '', '0.00', ''), ('18', 'kkkkkk', '92FC472E870B9CF61AA2B6F8BD8267F9C14F58F5', '', '0', '4', '', '1', '/BBCall/UserPhoto/Admin_photo.png', '', '', '0', '', '', 'admin_default', '1', '2015-07-17 18:17:25', null, '', '0.00', ''), ('19', 'yyyyyy', '3421ECDE2A5DE6543B48460B867CF323B018BC22', '', '0', '1', '', '0', '/BBCall/UserPhoto/Default_photo.png', '', '', '0', '', '', 'user_default', '3', '2015-07-17 18:45:00', null, '', '0.00', ''), ('20', '159357', '5F079981221CE504832142E9526B623BBFB6E686', '159357@qq.com', '13790701660', '1', '159357', '1', '/BBCall/UserPhoto/20_photo.jpg', 'Cantonese', '20002;17003;17004;17001', '360622', '江西省;鹰潭市;余江县;159357', 'I am 159357, I am an user.', 'user_default', '1', '2015-07-24 02:39:09', '2015-07-24 03:18:09', 'ruDeuSxVYGGu4znNDsSnDVvKw4CEWj6KXjNNZijq41seiRjFBK', '0.00', '運動器材;上門化妝;其他;上門美容'), ('21', 'zxcvbn', 'E0C95748A455C27A80FD289269120D4944D1F318', '', '0', '1', '', '0', '/BBCall/UserPhoto/Default_photo.png', '', '', '0', '', '', 'user_default', '1', '2015-07-29 03:38:38', null, '', '0.00', ''), ('22', 'asdfgh', '7AB515D12BD2CF431745511AC4EE13FED15AB578', 'asdfgh@hotmail.com', '15935746', '2', 'asdfgh', '1', '/BBCall/UserPhoto/YOBaUgekUTHC433Z_photo.png', 'Chinese;English', '14003;15002', '0', '', 'I am asdfgh, master.', 'master_default', '1', '2015-07-29 03:51:20', null, '', '0.00', '長者護理;洗衣（大）'), ('23', '123456789', 'F7C3BC1D808E04732ADF679965CCC34CA7AE3441', '', '0', '1', '', '0', '/BBCall/UserPhoto/Default_photo.png', '', '', '0', '', '', 'user_default', '1', '2015-07-29 14:49:36', null, '', '0.00', ''), ('24', '1234567890', '01B307ACBA4F54F55AAFC33BB06BBBF6CA803E9A', '', '0', '1', '', '0', '/BBCall/UserPhoto/Default_photo.png', '', '', '0', '', '', 'user_default', '1', '2015-07-29 14:58:23', '2015-07-29 14:58:47', '4PdSGqackCrHsN4wHXTMQyKMyOkKjHHVZwfI7tt5y6Zys0oIiX', '0.00', ''), ('25', 'asdfghj', 'C91E465CA781304B3114A85FE8F4944E57D81C57', '', '0', '1', '', '0', '/BBCall/UserPhoto/Default_photo.png', '', '', '0', '', '', 'user_default', '2', '2015-07-30 00:29:56', null, '', '0.00', ''), ('26', 'eeeeee', 'E7D0DC6D36CEA367B1C9CC97AD81B429E434744C', 'eeeeee@163.com', '55847458', '2', 'eeeeee', '2', '/BBCall/UserPhoto/Female_photo.png', 'Cantonese', '', '0', '', 'eeeeee', 'master_default', '1', '2015-07-30 00:34:31', null, '', '0.00', ''), ('30', 'uuuuuu', '3D978F314200EB1BDA01449BD477C46A816A9F06', '', '0', '4', '', '0', '/BBCall/UserPhoto/SuperAdmin_photo.png', '', '', '0', '', '', 'superadmin_default', '1', '2015-07-30 00:47:09', null, '', '0.00', ''), ('31', 'iiiiii', 'E6EE3FD5C2F53F4FAAB3F3C3D07FAF72F23289ED', '', '0', '3', '', '0', '/BBCall/UserPhoto/Admin_photo.png', '', '', '0', '', '', 'master_access', '1', '2015-07-30 00:47:41', null, '', '0.00', '');
COMMIT;

-- ----------------------------
--  Table structure for `USERSKILL`
-- ----------------------------
DROP TABLE IF EXISTS `USERSKILL`;
CREATE TABLE `USERSKILL` (
  `userskill_id` int(11) NOT NULL AUTO_INCREMENT,
  `user_id` int(11) NOT NULL,
  `user_skill` int(11) NOT NULL,
  `user_skill_url` varchar(255) NOT NULL,
  `user_skill_status` tinyint(4) DEFAULT '0',
  `user_skill_create_time` timestamp NOT NULL DEFAULT CURRENT_TIMESTAMP,
  PRIMARY KEY (`userskill_id`),
  KEY `user_id` (`user_id`),
  CONSTRAINT `userskill_ibfk_1` FOREIGN KEY (`user_id`) REFERENCES `USER` (`user_id`) ON DELETE CASCADE ON UPDATE CASCADE
) ENGINE=InnoDB AUTO_INCREMENT=5 DEFAULT CHARSET=utf8;

-- ----------------------------
--  Records of `USERSKILL`
-- ----------------------------
BEGIN;
INSERT INTO `USERSKILL` VALUES ('2', '4', '14002', '/BBCall/SkillPhoto/4_LvNcNmfFwW89QcTd.jpg', '0', '2015-07-29 03:34:40'), ('3', '4', '20003', '/BBCall/SkillPhoto/4_RQCeJQJlz2R8GxVs.jpg', '0', '2015-07-29 03:35:15'), ('4', '2', '14002', '/BBCall/SkillPhoto/2_bkR6fPvR0cMcPT6L.jpg', '0', '2015-07-30 04:19:14');
COMMIT;

SET FOREIGN_KEY_CHECKS = 1;
