/*
 Navicat Premium Data Transfer

 Source Server         : LocalDB
 Source Server Type    : MySQL
 Source Server Version : 50624
 Source Host           : localhost
 Source Database       : bbcall

 Target Server Type    : MySQL
 Target Server Version : 50624
 File Encoding         : utf-8

 Date: 10/12/2015 02:25:02 AM
*/

SET NAMES utf8;
SET FOREIGN_KEY_CHECKS = 0;

-- ----------------------------
--  Table structure for `ACCESSGROUP`
-- ----------------------------
DROP TABLE IF EXISTS `ACCESSGROUP`;
CREATE TABLE `ACCESSGROUP` (
  `accessgroup_id` int(11) NOT NULL AUTO_INCREMENT,
  `accessgroup_name` varchar(100) NOT NULL DEFAULT '',
  `accessgroup_description` varchar(255) NOT NULL DEFAULT '',
  `accessgroup_default` tinyint(2) DEFAULT '0',
  PRIMARY KEY (`accessgroup_id`),
  UNIQUE KEY `accessgroup_name` (`accessgroup_name`)
) ENGINE=InnoDB AUTO_INCREMENT=6 DEFAULT CHARSET=utf8;

-- ----------------------------
--  Records of `ACCESSGROUP`
-- ----------------------------
BEGIN;
INSERT INTO `ACCESSGROUP` VALUES ('1', 'user_default', 'Default user accessgroup.', '1'), ('2', 'master_default', 'Default master accessgroup.', '1'), ('3', 'admin_default', 'Default admin accessgroup.', '1'), ('4', 'superadmin_default', 'Default superadmin accessgroup.', '1'), ('5', 'guest_default', 'Default guest accessgroup', '1');
COMMIT;

-- ----------------------------
--  Table structure for `ACCESSGROUP_ACCESSLIST`
-- ----------------------------
DROP TABLE IF EXISTS `ACCESSGROUP_ACCESSLIST`;
CREATE TABLE `ACCESSGROUP_ACCESSLIST` (
  `ag_id` int(11) NOT NULL,
  `al_id` int(11) NOT NULL,
  PRIMARY KEY (`ag_id`,`al_id`),
  KEY `FK_ACCESSGROUP_ACCESSLIST_al_id` (`al_id`),
  CONSTRAINT `FK_ACCESSGROUP_ACCESSLIST_ag_id` FOREIGN KEY (`ag_id`) REFERENCES `ACCESSGROUP` (`accessgroup_id`),
  CONSTRAINT `FK_ACCESSGROUP_ACCESSLIST_al_id` FOREIGN KEY (`al_id`) REFERENCES `ACCESSLIST` (`accesslist_id`)
) ENGINE=InnoDB DEFAULT CHARSET=latin1;

-- ----------------------------
--  Records of `ACCESSGROUP_ACCESSLIST`
-- ----------------------------
BEGIN;
INSERT INTO `ACCESSGROUP_ACCESSLIST` VALUES ('3', '1'), ('4', '1'), ('3', '2'), ('4', '2'), ('3', '3'), ('4', '3'), ('3', '4'), ('4', '4'), ('1', '5'), ('3', '5'), ('4', '5'), ('5', '5'), ('1', '6'), ('3', '6'), ('4', '6'), ('5', '6'), ('2', '7'), ('3', '7'), ('4', '7'), ('2', '8'), ('3', '8'), ('4', '8'), ('1', '9'), ('2', '9'), ('3', '9'), ('4', '9'), ('5', '9'), ('1', '10'), ('2', '10'), ('3', '10'), ('4', '10'), ('5', '10'), ('1', '11'), ('2', '11'), ('3', '11'), ('4', '11'), ('5', '11'), ('1', '12'), ('2', '12'), ('3', '12'), ('4', '12'), ('5', '12'), ('1', '13'), ('2', '13'), ('3', '13'), ('4', '13'), ('5', '13'), ('3', '14'), ('4', '14'), ('3', '15'), ('4', '15'), ('3', '16'), ('4', '16'), ('3', '17'), ('4', '17'), ('1', '18'), ('2', '18'), ('3', '18'), ('4', '18'), ('5', '18'), ('3', '19'), ('4', '19'), ('3', '20'), ('4', '20'), ('1', '21'), ('2', '21'), ('3', '21'), ('4', '21'), ('5', '21'), ('1', '22'), ('2', '22'), ('3', '22'), ('4', '22'), ('5', '22'), ('1', '23'), ('3', '23'), ('4', '23'), ('5', '23'), ('1', '24'), ('3', '24'), ('4', '24'), ('5', '24'), ('3', '25'), ('4', '25'), ('3', '26'), ('4', '26'), ('3', '27'), ('4', '27'), ('3', '28'), ('4', '28'), ('3', '29'), ('4', '29'), ('3', '30'), ('4', '30'), ('3', '31'), ('4', '31'), ('3', '32'), ('4', '32'), ('3', '33'), ('4', '33'), ('3', '34'), ('4', '34'), ('3', '35'), ('4', '35'), ('3', '36'), ('4', '36'), ('1', '37'), ('2', '37'), ('3', '37'), ('4', '37'), ('5', '37'), ('1', '38'), ('2', '38'), ('3', '38'), ('4', '38'), ('5', '38'), ('3', '39'), ('4', '39'), ('1', '40'), ('2', '40'), ('3', '40'), ('4', '40'), ('5', '40'), ('1', '41'), ('2', '41'), ('3', '41'), ('4', '41'), ('5', '41'), ('1', '42'), ('2', '42'), ('3', '42'), ('4', '42'), ('5', '42'), ('1', '43'), ('2', '43'), ('3', '43'), ('4', '43'), ('5', '43'), ('3', '44'), ('4', '44'), ('3', '45'), ('4', '45'), ('3', '46'), ('4', '46'), ('3', '47'), ('4', '47'), ('3', '48'), ('4', '48'), ('3', '49'), ('4', '49'), ('3', '50'), ('4', '50'), ('3', '51'), ('4', '51'), ('3', '52'), ('4', '52'), ('3', '53'), ('4', '53'), ('3', '54'), ('4', '54'), ('3', '55'), ('4', '55'), ('3', '56'), ('4', '56'), ('3', '57'), ('4', '57'), ('3', '58'), ('4', '58'), ('3', '59'), ('4', '59'), ('3', '60'), ('4', '60'), ('3', '61'), ('4', '61'), ('3', '62'), ('4', '62'), ('3', '63'), ('4', '63'), ('3', '64'), ('4', '64'), ('1', '65'), ('2', '65'), ('3', '65'), ('4', '65'), ('5', '65'), ('1', '66'), ('2', '66'), ('3', '66'), ('4', '66'), ('5', '66'), ('1', '67'), ('2', '67'), ('3', '67'), ('4', '67'), ('5', '67'), ('1', '68'), ('2', '68'), ('3', '68'), ('4', '68'), ('5', '68'), ('3', '69'), ('4', '69'), ('3', '70'), ('4', '70'), ('3', '71'), ('4', '71'), ('1', '72'), ('2', '72'), ('3', '72'), ('4', '72'), ('5', '72'), ('1', '73'), ('2', '73'), ('3', '73'), ('4', '73'), ('5', '73'), ('3', '74'), ('4', '74'), ('3', '75'), ('4', '75'), ('3', '76'), ('4', '76'), ('3', '77'), ('4', '77'), ('3', '78'), ('4', '78'), ('1', '79'), ('2', '79'), ('3', '79'), ('4', '79'), ('5', '79'), ('1', '80'), ('2', '80'), ('3', '80'), ('4', '80'), ('5', '80'), ('1', '81'), ('2', '81'), ('3', '81'), ('4', '81'), ('5', '81'), ('1', '82'), ('2', '82'), ('3', '82'), ('4', '82'), ('5', '82'), ('3', '83'), ('4', '83'), ('3', '84'), ('4', '84'), ('3', '85'), ('4', '85'), ('3', '86'), ('4', '86'), ('3', '87'), ('4', '87'), ('3', '88'), ('4', '88'), ('3', '89'), ('4', '89'), ('3', '90'), ('4', '90'), ('1', '91'), ('2', '91'), ('3', '91'), ('4', '91'), ('5', '91'), ('1', '92'), ('2', '92'), ('3', '92'), ('4', '92'), ('5', '92'), ('1', '93'), ('2', '93'), ('3', '93'), ('4', '93'), ('5', '93'), ('1', '94'), ('2', '94'), ('3', '94'), ('4', '94'), ('5', '94'), ('1', '95'), ('2', '95'), ('3', '95'), ('4', '95'), ('5', '95'), ('1', '96'), ('2', '96'), ('3', '96'), ('4', '96'), ('5', '96'), ('1', '97'), ('2', '97'), ('3', '97'), ('4', '97'), ('5', '97'), ('1', '98'), ('2', '98'), ('3', '98'), ('4', '98'), ('5', '98'), ('1', '99'), ('2', '99'), ('3', '99'), ('4', '99'), ('5', '99'), ('1', '100'), ('2', '100'), ('3', '100'), ('4', '100'), ('5', '100'), ('1', '101'), ('2', '101'), ('3', '101'), ('4', '101'), ('5', '101'), ('1', '102'), ('2', '102'), ('3', '102'), ('4', '102'), ('5', '102'), ('1', '103'), ('2', '103'), ('3', '103'), ('4', '103'), ('5', '103'), ('1', '104'), ('2', '104'), ('3', '104'), ('4', '104'), ('5', '104'), ('1', '105'), ('2', '105'), ('3', '105'), ('4', '105'), ('5', '105'), ('3', '106'), ('4', '106'), ('3', '107'), ('4', '107'), ('1', '108'), ('2', '108'), ('3', '108'), ('4', '108'), ('5', '108'), ('1', '109'), ('2', '109'), ('3', '109'), ('4', '109'), ('5', '109'), ('1', '110'), ('2', '110'), ('3', '110'), ('4', '110'), ('5', '110'), ('1', '111'), ('2', '111'), ('3', '111'), ('4', '111'), ('5', '111'), ('1', '112'), ('2', '112'), ('3', '112'), ('4', '112'), ('5', '112'), ('1', '113'), ('2', '113'), ('3', '113'), ('4', '113'), ('5', '113'), ('1', '114'), ('2', '114'), ('3', '114'), ('4', '114'), ('5', '114'), ('1', '115'), ('2', '115'), ('3', '115'), ('4', '115'), ('5', '115'), ('1', '116'), ('2', '116'), ('3', '116'), ('4', '116'), ('5', '116'), ('1', '117'), ('2', '117'), ('3', '117'), ('4', '117'), ('5', '117'), ('1', '118'), ('2', '118'), ('3', '118'), ('4', '118'), ('5', '118'), ('1', '119'), ('2', '119'), ('3', '119'), ('4', '119'), ('5', '119'), ('1', '120'), ('2', '120'), ('3', '120'), ('4', '120'), ('5', '120'), ('1', '121'), ('2', '121'), ('3', '121'), ('4', '121'), ('5', '121'), ('1', '122'), ('2', '122'), ('3', '122'), ('4', '122'), ('5', '122'), ('1', '123'), ('2', '123'), ('3', '123'), ('4', '123'), ('5', '123'), ('1', '124'), ('2', '124'), ('3', '124'), ('4', '124'), ('5', '124'), ('1', '125'), ('2', '125'), ('3', '125'), ('4', '125'), ('5', '125'), ('1', '126'), ('2', '126'), ('3', '126'), ('4', '126'), ('5', '126'), ('1', '127'), ('2', '127'), ('3', '127'), ('4', '127'), ('5', '127'), ('1', '128'), ('2', '128'), ('3', '128'), ('4', '128'), ('5', '128'), ('1', '129'), ('2', '129'), ('3', '129'), ('4', '129'), ('5', '129'), ('1', '130'), ('2', '130'), ('3', '130'), ('4', '130'), ('1', '131'), ('2', '131'), ('3', '131'), ('4', '131'), ('1', '132'), ('2', '132'), ('3', '132'), ('4', '132'), ('1', '133'), ('2', '133'), ('3', '133'), ('4', '133'), ('1', '134'), ('2', '134'), ('3', '134'), ('4', '134'), ('1', '135'), ('2', '135'), ('3', '135'), ('4', '135'), ('1', '136'), ('2', '136'), ('3', '136'), ('4', '136'), ('5', '136'), ('1', '137'), ('2', '137'), ('3', '137'), ('4', '137'), ('5', '137'), ('1', '138'), ('2', '138'), ('3', '138'), ('4', '138'), ('5', '138'), ('1', '139'), ('2', '139'), ('3', '139'), ('4', '139'), ('5', '139'), ('1', '140'), ('2', '140'), ('3', '140'), ('4', '140'), ('5', '140'), ('1', '141'), ('2', '141'), ('3', '141'), ('4', '141'), ('5', '141'), ('1', '142'), ('2', '142'), ('3', '142'), ('4', '142'), ('5', '142'), ('1', '143'), ('2', '143'), ('3', '143'), ('4', '143'), ('5', '143'), ('1', '144'), ('2', '144'), ('3', '144'), ('4', '144'), ('5', '144'), ('1', '145'), ('2', '145'), ('3', '145'), ('4', '145'), ('5', '145'), ('1', '146'), ('2', '146'), ('3', '146'), ('4', '146'), ('5', '146'), ('1', '147'), ('2', '147'), ('3', '147'), ('4', '147'), ('5', '147'), ('1', '148'), ('2', '148'), ('3', '148'), ('4', '148'), ('5', '148'), ('1', '149'), ('2', '149'), ('3', '149'), ('4', '149'), ('5', '149'), ('1', '150'), ('2', '150'), ('3', '150'), ('4', '150'), ('5', '150'), ('1', '151'), ('2', '151'), ('3', '151'), ('4', '151'), ('5', '151'), ('1', '152'), ('2', '152'), ('3', '152'), ('4', '152'), ('5', '152'), ('1', '153'), ('2', '153'), ('3', '153'), ('4', '153'), ('5', '153'), ('1', '154'), ('2', '154'), ('3', '154'), ('4', '154'), ('5', '154'), ('1', '155'), ('2', '155'), ('3', '155'), ('4', '155'), ('5', '155'), ('1', '156'), ('2', '156'), ('3', '156'), ('4', '156'), ('5', '156'), ('1', '157'), ('2', '157'), ('3', '157'), ('4', '157'), ('5', '157'), ('1', '158'), ('2', '158'), ('3', '158'), ('4', '158'), ('5', '158'), ('1', '159'), ('2', '159'), ('3', '159'), ('4', '159'), ('5', '159'), ('1', '160'), ('2', '160'), ('3', '160'), ('4', '160'), ('5', '160'), ('1', '161'), ('2', '161'), ('3', '161'), ('4', '161'), ('5', '161'), ('1', '162'), ('2', '162'), ('3', '162'), ('4', '162'), ('5', '162'), ('1', '163'), ('2', '163'), ('3', '163'), ('4', '163'), ('5', '163'), ('1', '164'), ('2', '164'), ('3', '164'), ('4', '164'), ('5', '164'), ('1', '165'), ('2', '165'), ('3', '165'), ('4', '165'), ('5', '165'), ('1', '166'), ('2', '166'), ('3', '166'), ('4', '166'), ('5', '166'), ('1', '167'), ('2', '167'), ('3', '167'), ('4', '167'), ('5', '167'), ('1', '168'), ('2', '168'), ('3', '168'), ('4', '168'), ('5', '168'), ('1', '169'), ('2', '169'), ('3', '169'), ('4', '169'), ('5', '169'), ('1', '170'), ('2', '170'), ('3', '170'), ('4', '170'), ('5', '170'), ('1', '171'), ('2', '171'), ('3', '171'), ('4', '171'), ('5', '171'), ('1', '172'), ('2', '172'), ('3', '172'), ('4', '172'), ('3', '173'), ('4', '173'), ('3', '174'), ('4', '174'), ('3', '175'), ('4', '175'), ('3', '176'), ('4', '176'), ('3', '177'), ('4', '177'), ('3', '178'), ('4', '178'), ('3', '179'), ('4', '179'), ('3', '180'), ('4', '180'), ('5', '180'), ('3', '181'), ('4', '181'), ('3', '182'), ('4', '182'), ('3', '183'), ('4', '183'), ('3', '184'), ('4', '184'), ('3', '185'), ('4', '185'), ('3', '186'), ('4', '186'), ('3', '187'), ('4', '187'), ('3', '188'), ('4', '188'), ('3', '189'), ('4', '189');
COMMIT;

-- ----------------------------
--  Table structure for `ACCESSLIST`
-- ----------------------------
DROP TABLE IF EXISTS `ACCESSLIST`;
CREATE TABLE `ACCESSLIST` (
  `accesslist_id` int(11) NOT NULL AUTO_INCREMENT,
  `accesslist_name` varchar(100) NOT NULL,
  `accesslist_description` varchar(255) NOT NULL,
  PRIMARY KEY (`accesslist_id`),
  UNIQUE KEY `accesslist_name` (`accesslist_name`)
) ENGINE=InnoDB AUTO_INCREMENT=190 DEFAULT CHARSET=utf8;

-- ----------------------------
--  Records of `ACCESSLIST`
-- ----------------------------
BEGIN;
INSERT INTO `ACCESSLIST` VALUES ('1', 'user_login', '[Web] Login access.'), ('2', 'user_loginJson', '[Apps] Mobile Apps Login access. If you remove this access, ALL account under this AccessGroup will NOT be able to login via mobile apps.'), ('3', 'user_loginByAdmin', '[Web] Admin Login access.'), ('4', 'user_loginByAdminJson', '[Apps] Apps Admin Login access.'), ('5', 'user_loginByUser', '[Web] User Login access.'), ('6', 'user_loginByUserJson', '[Apps] Apps User Login access.'), ('7', 'user_loginByMaster', '[Web] Master Login access.'), ('8', 'user_loginByMasterJson', '[Apps] Apps Master Login access.'), ('9', 'user_logout', '[Web] Logout access.'), ('10', 'user_register', '[Web] Register access.'), ('11', 'user_registerJson', '[Apps] Register access.'), ('12', 'user_update', '[Web] Update information access.'), ('13', 'user_updateJson', '[Apps] Update information access.'), ('14', 'user_updateUserById', '[Web] Update other user information by User ID. Normally this is Admin access.'), ('15', 'user_updateStatus', '[Web] Update other user status by User ID. Normally this is Admin access.'), ('16', 'user_updateStatusJson', '[Apps] Update other user status by User ID. Normally this is Admin access.'), ('17', 'user_getUserSkillByUserId', '[Web] Get user pending skill list by user ID. Normally this is Admin access.'), ('18', 'user_getUserSkillByUserIdJson', '[Apps] Get user pending skill list by user ID. Normally this is Admin access.'), ('19', 'user_getAllUserSkill', '[Web] Get ALL user pending skill list. Normally this is Admin access.'), ('20', 'user_getAllUserSkillJson', '[Web] Get ALL user pending skill list. Normally this is Admin access.'), ('21', 'user_addUserSkill', '[Web] Add user skill with cert to back-end for verification.'), ('22', 'user_addUserSkillJson', '[Apps] Add user skill with cert to back-end for verification.'), ('23', 'user_updateUserSkill', '[Web] Update existing user skill with new cert.'), ('24', 'user_updateUserSkillJson', '[Apps] Update existing user skill with new cert.'), ('25', 'user_verifyUserSkill', '[Web] Update the skill status from back-end. Normally this is Admin access.'), ('26', 'user_verifyUserSkillJson', 'Update the skill status from back-end. Normally this is Admin access.'), ('27', 'user_verifyUserSkillBySkillId', '[Web] Update the skill status by skill ID from back-end. Normally this is Admin access.'), ('28', 'user_verifyUserSkillBySkillIdJson', 'Update the skill status by skill ID from back-end. Normally this is Admin access.'), ('29', 'user_deleteUserSkillBySkillId', '[Web] Delete existing skill from back-end by skill ID. Normally this is Admin access.'), ('30', 'user_deleteUserSkillBySkillIdJson', 'Delete existing skill from back-end by skill ID. Normally this is Admin access.'), ('31', 'user_deleteUserSkillByUserId', '[Web] Delete ALL skill under user ID from back-end. Normally this is Admin access.'), ('32', 'user_deleteUserSkillByUserIdJson', 'Delete ALL skill under user ID from back-end. Normally this is Admin access.'), ('33', 'user_checkUserListWhereOrderBy', '[Web] Check user list with \"order By\" filter from back-end.Normally this is Admin access.'), ('34', 'user_checkUserListWhereOrderByJson', 'Check user list with \"order By\" filter from back-end.Normally this is Admin access.'), ('35', 'user_checkUserList', '[Web] Check ALL user list from back-end. Normally this is Admin access.'), ('36', 'user_checkUserListJson', 'Check ALL user list from back-end. Normally this is Admin access.'), ('37', 'user_getUserById', '[Web] Get user information by user ID. Normally this is Admin access.'), ('38', 'user_getUserByIdJson', 'Get user information by user ID. Normally this is Admin access.'), ('39', 'user_editUser', 'Allow visit \"editUser\" page. Normally this is Admin access.'), ('40', 'user_checkUserName', '[Web] check username is exist or not.'), ('41', 'user_checkUserNameJson', '[Apps] check username is exist or not.'), ('42', 'user_checkToken', '[Web] Check token is valid or not.'), ('43', 'user_checkTokenJson', '[Apps] Check token is valid or not.'), ('44', 'user_deleteUserById', '[Web] Delete user account by user ID. Normally this is Admin access.'), ('45', 'user_deleteUserByIdJson', 'Delete user account by user ID. Normally this is Admin access.'), ('46', 'access_checkAccessGroupByName', '[Web] Check access group details by access group name.'), ('47', 'access_checkAccessGroupByNameJson', 'Check access group details by access group name.'), ('48', 'access_addAccessGroup', '[Web] Add a new access group.'), ('49', 'access_addAccessGroupJson', 'Add a new access group.'), ('50', 'access_showAddAccessGroupPage', '[Web] Allow to visit \"Add access group\" page. Normally this is Admin access.'), ('51', 'access_updateAccessByAccessGroup', '[Web] Update access list under access group. Normally this is Admin access.'), ('52', 'access_updateAccessByAccessGroupJson', 'Update access list under access group. Normally this is Admin access.'), ('53', 'access_getAccessNameList', '[Web] Get access list with access name only.'), ('54', 'access_getAccessNameListJson', 'Get access list with access name only.'), ('55', 'access_getAccessList', '[Web] Get access list with ALL informations.'), ('56', 'access_getAccessListJson', 'Get access list with ALL informations.'), ('57', 'access_getAccessGroup', '[Web] Get access group list with ALL informations.'), ('58', 'access_getAccessGroupJson', 'Get access group list with ALL informations.'), ('59', 'access_getAccessByAccessGroup', '[Web] Get access list which under access group.'), ('60', 'access_getAccessByAccessGroupJson', 'Get access list which under access group.'), ('61', 'access_showAccessGroupDetailsPage', '[Web] Allow to visit \"AccessGroup details\" page.'), ('62', 'access_showEditAccessGroupPage', '[Web] Allow to visit \"Edit AccessGroup\" page.'), ('63', 'access_deleteAccessGroupById', '[Web] Delete access group by accessgroup ID. Normally this is Admin access.'), ('64', 'access_deleteAccessGroupByIdJson', 'Delete access group by accessgroup ID. Normally this is Admin access.'), ('65', 'address_checkChildAdsList', '[Web] Check child address list with address code.'), ('66', 'address_checkChildAdsListJson', '[Apps] Check child address list with address code.'), ('67', 'address_checkAdsList', '[Web] Check address list from server.'), ('68', 'address_checkAdsListJson', '[Apps] Check address list from server.'), ('69', 'advert_addAdvert', '[Web] Add advertisement.'), ('70', 'advert_addAdvertJson', '[Apps] Add advertisement.'), ('71', 'advert_showAddAdvertPage', '[Web] Allow to visit \"Add advert\" page.'), ('72', 'advert_showAdvert', '[Web] Show advertisement details information.'), ('73', 'advert_showAdvertJson', '[Apps] Show advertisement details information.'), ('74', 'advert_editAdvertPage', '[Web] Allow to visit \"Edit advert\" page.'), ('75', 'advert_showAllAdvertList', '[Web] Show ALL advertisement details information. Normally this is Admin access.'), ('76', 'advert_showAllAdvertListJson', 'Show ALL advertisement details information. Normally this is Admin access.'), ('77', 'advert_showAllAdvertSummaryList', '[Web] Show ALL advertisement details information without contents. Normally this is Admin access.'), ('78', 'advert_showAllAdvertSummaryListJson', 'Show ALL advertisement details information without contents. Normally this is Admin access.'), ('79', 'advert_showActiveAdvertList', '[Web] Show ALL advertisement details information with active status.'), ('80', 'advert_showActiveAdvertListJson', '[Apps] Show ALL advertisement details information with active status.'), ('81', 'advert_showActiveAdvertSummaryList', '[Web] Show ALL advertisement details information with active status but without contents.'), ('82', 'advert_showActiveAdvertSummaryListJson', '[Apps] Show ALL advertisement details information with active status but without contents.'), ('83', 'advert_deleteAdvert', '[Web] Delete one advertisement. Normally this is Admin access.'), ('84', 'advert_deleteAdvertJson', 'Delete one advertisement. Normally this is Admin access.'), ('85', 'advert_updateAdvertById', '[Web] Update advertisement details information by advertisement ID. Normally this is Admin access.'), ('86', 'advert_updateAdvertByIdJson', 'Update advertisement details information by advertisement ID. Normally this is Admin access.'), ('87', 'advert_updateAdvertIsTop', '[Web] Set one advertisement be \"Top\" of the list. Normally this is Admin access.'), ('88', 'advert_updateAdvertIsTopJson', 'Set one advertisement be \"Top\" of the list. Normally this is Admin access.'), ('89', 'advert_updateAdvertStatus', '[Web] Update advertisement status. Normally this is Admin access.'), ('90', 'advert_updateAdvertStatusJson', 'Update advertisement status. Normally this is Admin access.'), ('91', 'blacklist_insert', '[Apps] User inserts Master into new blacklist by Order'), ('92', 'blacklist_insertJson', 'User inserts Master into new blacklist by Order'), ('93', 'blacklist_delete', '[Apps] User deletes the blacklist'), ('94', 'blacklist_deleteJson', 'User deletes the blacklist'), ('95', 'blacklist_getBlacklist', '[Apps] User/Master gets entire blacklist'), ('96', 'blacklist_getBlacklistJson', 'User/Master gets entire blacklist'), ('97', 'blacklist_getBlacklistById', '[Apps] User/Master gets blacklist by ID'), ('98', 'blacklist_getBlacklistByIdJson', 'User/Master gets blacklist by ID'), ('99', 'upload_userUpload', '[Web] Upload user photo access.'), ('100', 'upload_userUploadJson', '[Apps] Upload user photo access.'), ('101', 'upload_userUploadById', '[Web] Upload user photo by user ID.'), ('102', 'upload_skillUpload', '[Web] Upload skill certificate access.'), ('103', 'upload_skillUploadJson', '[Apps] Upload skill certificate access.'), ('104', 'upload_orderUpload', '[Web] Upload order pictures access.'), ('105', 'upload_orderUploadJson', '[Apps] Upload order pictures access.'), ('106', 'upload_advertUpload', '[Web] Upload advertisement pictures access.'), ('107', 'upload_advertUploadJson', '[Apps] Upload advertisement pictures access.'), ('108', 'orderlist_add', '[Apps] User adds new order'), ('109', 'orderlist_addJson', 'User adds new order'), ('110', 'orderlist_update', '[Apps] User updates the order'), ('111', 'orderlist_updateJson', 'User updates the order'), ('112', 'orderlist_deal', '[Apps] User confirms which Master to handle his/her cases'), ('113', 'orderlist_dealJson', 'User confirms which Master to handle his/her cases'), ('114', 'orderlist_complete', '[Apps] User completes the Order'), ('115', 'orderlist_completeJson', 'User completes the Order'), ('116', 'orderlist_unorderlist', '[Apps] User/Master/Admin gets the related unfinished order list'), ('117', 'orderlist_unorderlistJson', 'User/Master/Admin gets the related unfinished order list'), ('118', 'orderlist_getorderlist', '[Web] Admin gets the order list by status'), ('119', 'orderlist_getorderlistJson', 'Admin gets the order list by status'), ('120', 'orderlist_selectunorderlist', '[Apps] Master gets the related unfinished order list by location/skills'), ('121', 'orderlist_selectunorderlistJson', 'Master gets the related unfinished order list by location/skills'), ('122', 'orderlist_selectproorderlist', '[Apps/Web] User/Master/Admin gets the related in progress order list'), ('123', 'orderlist_selectproorderlistJson', 'User/Master/Admin gets the related in progress order list'), ('124', 'orderlist_selectcomorderlist', '[Apps/Web] User/Master/Admin gets the related completed order list'), ('125', 'orderlist_selectcomorderlistJson', 'User/Master/Admin gets the related completed order list'), ('126', 'orderlist_select', '[Apps/Web] User/Master/Admin gets the order by ID'), ('127', 'orderlist_selectJson', 'User/Master/Admin gets the order by ID'), ('128', 'orderlist_selectother', '[Web] Admin gets the order by ID'), ('129', 'orderlist_selectotherJson', 'Admin gets the order by ID'), ('130', 'orderlist_getwashorderlistasc', '[Web] Admin gets the wash order list order by order book time'), ('131', 'orderlist_getwashorderlistascJson', 'Admin gets the wash order list order by order book time'), ('132', 'orderlist_getwashorderlist', '[Web] Admin gets the wash order list order by order create time'), ('133', 'orderlist_getwashorderlistJson', 'Admin gets the wash order list order by order create time'), ('134', 'orderlist_selectwashorderlist', '[Web] Admin gets the wash order list order by order status'), ('135', 'orderlist_selectwashorderlistJson', 'Admin gets the wash order list order by order status'), ('136', 'orderlist_selectorderlist', '[Apps] Master gets the order list by order status'), ('137', 'orderlist_selectorderlistJson', 'Master gets the order list by order status'), ('138', 'orderlist_delete', '[Apps] User deletes the order by ID'), ('139', 'orderlist_deleteJson', 'User deletes the order by ID'), ('140', 'orderlist_change', '[Web] Admin changes the wash order status'), ('141', 'orderlist_changeJson', 'Admin changes the wash order status'), ('142', 'preorder_add', '[Apps] Master completes the unfinished order'), ('143', 'preorder_addJson', 'Master completes the unfinished order'), ('144', 'preorder_showbyid', '[Apps] User/Master checks the competed order by ID'), ('145', 'preorder_showbyidJson', 'User/Master checks the competed order by ID'), ('146', 'preorder_showbyaccount', '[Apps] User/Master check the competed order list by own user ID'), ('147', 'preorder_showbyaccountJson', 'User/Master check the competed order list by own user ID'), ('148', 'preorder_delete', '[Apps] Master deletes the competed order by ID'), ('149', 'preorder_deleteJson', 'Master deletes the competed order by ID'), ('150', 'referdoc_add', '[Web] Admin adds the refer price document'), ('151', 'referdoc_addJson', 'Admin adds the refer price document'), ('152', 'referdoc_update', '[Web] Admin updates the refer price document'), ('153', 'referdoc_updateJson', 'Admin updates the refer price document'), ('154', 'referdoc_delete', '[Web] Admin deletes the refer price document'), ('155', 'referdoc_deleteJson', 'Admin deletes the refer price document'), ('156', 'referdoc_select', '[Web] Admin seletes the refer price document by ID'), ('157', 'referdoc_selectJson', 'Admin seletes the refer price document by ID'), ('158', 'referdoc_getlist', '[Web] Admin gets the entire refer price document list'), ('159', 'referdoc_getlistJson', 'Admin gets the entire refer price document list'), ('160', 'referdoc_getparentlist', '[Web] Admin gets the parent refer price document list '), ('161', 'referdoc_getparentlistJson', 'Admin gets the parent refer price document list '), ('162', 'referdoc_getchildlist', '[Web] Admin gets the child refer price document list by parent ID'), ('163', 'referdoc_getchildlistJson', 'Admin gets the child refer price document list by parent ID'), ('164', 'referdoc_getsubskill', '[Apps] User/Master gets the sub refer price document list'), ('165', 'referdoc_getsubskillJson', 'User/Master gets the sub refer price document list'), ('166', 'referdoc_getchildlist2', '[Web] Admin gets the child refer price document list by parent ID'), ('167', 'referdoc_getchildlist2Json', 'Admin gets the child refer price document list by parent ID'), ('168', 'referdoc_chkreferdoctype', '[Web] Check the refer price document existed or not'), ('169', 'referdoc_chkreferdoctypeJson', 'Check the refer price document existed or not'), ('170', 'referdoc_referprice', '[Web] Caculate the refer price '), ('171', 'referdoc_referpriceJson', 'Caculate the refer price '), ('172', 'user_homePage', '[Web] Go back Home Page.'), ('173', 'download_downloadFile', '[Web] Allow to download files from system.'), ('174', 'download_getFileList', '[Web] Get file list which can be download.'), ('175', 'download_getFileListJson', 'Get file list which can be download.'), ('176', 'gcm_sendmsgJson', 'Andriod Push Function.'), ('177', 'user_forgetPassword', '[Web] Forget password function.'), ('178', 'user_forgetPasswordJson', '[Apps] Forget password function.'), ('179', 'gcm_sendmsg', 'Push Function.'), ('180', 'user_logoutJson', '[Apps] Logout function.'), ('181', 'gcm_sendmsgIosJson', '[Apps] Ios Push Test.'), ('182', 'upload_referdocUpload', '[Web] Upload project photo to Apps.'), ('183', 'upload_referdocUploadJson', 'Upload project photo to Apps.'), ('184', 'gcm_getPushMessage', '[Web] Get System Push Message.'), ('185', 'gcm_getPushMessageJson', 'Get System Push Message.'), ('186', 'gcm_updatePushMessage', '[Web] Update Push Message.'), ('187', 'gcm_updatePushMessageJson', 'Update Push Message.'), ('188', 'upload_fileDelete', '[Web] Delete uploaded files. Like wrong photos.'), ('189', 'upload_fileDeleteJson', 'Delete uploaded files. Like wrong photos.');
COMMIT;

-- ----------------------------
--  Table structure for `PUSHMESSAGE`
-- ----------------------------
DROP TABLE IF EXISTS `PUSHMESSAGE`;
CREATE TABLE `PUSHMESSAGE` (
  `msg_id` int(11) NOT NULL AUTO_INCREMENT,
  `msg_type` varchar(100) DEFAULT NULL,
  `msg_content` varchar(255) DEFAULT NULL,
  PRIMARY KEY (`msg_id`)
) ENGINE=InnoDB AUTO_INCREMENT=4 DEFAULT CHARSET=utf8;

-- ----------------------------
--  Records of `PUSHMESSAGE`
-- ----------------------------
BEGIN;
INSERT INTO `PUSHMESSAGE` VALUES ('1', 'master_order_accepted', 'BBCall notification - Your order request has been accepted.'), ('2', 'master_order_completed', 'BBCall notification - You have new completed Order.'), ('3', 'user_preorder_accepted', 'BBCall notification - New Master wants to apply your Order.');
COMMIT;

-- ----------------------------
--  Table structure for `REFERDOC`
-- ----------------------------
DROP TABLE IF EXISTS `REFERDOC`;
CREATE TABLE `REFERDOC` (
  `referdoc_id` int(11) NOT NULL AUTO_INCREMENT,
  `referdoc_type` varchar(30) DEFAULT NULL,
  `referdoc_parentno` int(11) DEFAULT NULL,
  `referdoc_level` int(11) DEFAULT NULL,
  `referdoc_price` decimal(10,2) DEFAULT NULL,
  `referdoc_flag` bit(1) DEFAULT NULL,
  `referdoc_pic_url` varchar(255) DEFAULT NULL,
  `referdoc_downpic_url` varchar(255) DEFAULT NULL,
  PRIMARY KEY (`referdoc_id`)
) ENGINE=InnoDB AUTO_INCREMENT=22007 DEFAULT CHARSET=utf8;

-- ----------------------------
--  Records of `REFERDOC`
-- ----------------------------
BEGIN;
INSERT INTO `REFERDOC` VALUES ('11000', '鋁窗工程', '0', '1', '0.00', b'1', null, null), ('11001', '鋁窗檢查', '11000', '2', '20.00', b'0', null, null), ('11002', '鋁窗維修保養', '11000', '2', '40.00', b'1', null, null), ('11003', '安裝鋁窗', '11000', '2', '20.00', b'0', null, null), ('11004', '其他', '11000', '2', '10.00', b'0', null, null), ('12000', '到會服務', '0', '1', '0.00', b'0', null, null), ('12001', '餐飲到會', '12000', '2', '60.00', b'0', null, null), ('12002', '到會派對活動', '12000', '2', '20.00', b'0', null, null), ('12003', '到會貼紙相機', '12000', '2', '20.00', b'0', null, null), ('12004', '其他', '12000', '2', '20.00', b'0', null, null), ('13000', '家居維修', '0', '1', '0.00', b'0', null, null), ('13001', '開鎖', '13000', '2', '50.00', b'0', '/BBCall/referdocPic/kaisuo_up.png', '/BBCall/referdocPic/kaisuo_down.png'), ('13002', '電腦維修', '13000', '2', '30.00', b'0', '/BBCall/referdocPic/diannao_up.png', '/BBCall/referdocPic/diannao_down.png'), ('13003', '電器維修', '13000', '2', '30.00', b'0', '/BBCall/referdocPic/dianqifuwu_up.png', '/BBCall/referdocPic/dianqifuwu_down.png'), ('13004', '家居維修', '13000', '2', '30.00', b'0', '/BBCall/referdocPic/jiajuweixiu_up.png', '/BBCall/referdocPic/jiajuweixiu_down.png'), ('13005', '水電維修', '13000', '2', '30.00', b'0', '/BBCall/referdocPic/shuidianweixiu_up.png', '/BBCall/referdocPic/shuidianweixiu_down.png'), ('13006', '其他', '13000', '2', '30.00', b'0', '/BBCall/referdocPic/qita_up.png', '/BBCall/referdocPic/qita_down.png'), ('14000', '家務助理', '0', '1', '0.00', b'0', null, null), ('14001', '陪月', '14000', '2', '40.00', b'0', null, null), ('14002', '家務助理', '14000', '2', '40.00', b'0', null, null), ('14003', '長者護理', '14000', '2', '40.00', b'0', null, null), ('14004', '保姆', '14000', '2', '40.00', b'0', null, null), ('14005', '其他', '14000', '2', '40.00', b'0', null, null), ('15000', '上門洗衣', '0', '1', '0.00', b'1', null, null), ('15001', '洗衣（小）', '15000', '2', '128.00', b'1', null, null), ('15002', '洗衣（大）', '15000', '2', '288.00', b'1', null, null), ('16000', '寵物服務', '0', '1', '0.00', b'0', null, null), ('16001', '寵物美容', '16000', '2', '60.00', b'0', null, null), ('16002', '上門獸醫', '16000', '2', '60.00', b'0', null, null), ('16003', '寵物訓練', '16000', '2', '60.00', b'0', null, null), ('16004', '寵物保姆', '16000', '2', '60.00', b'0', null, null), ('16005', '寵物用品', '16000', '2', '60.00', b'0', null, null), ('16006', '寵物善終', '16000', '2', '60.00', b'0', null, null), ('16007', '其他', '16000', '2', '60.00', b'0', null, null), ('17000', '美容美甲', '0', '1', '0.00', b'0', null, null), ('17001', '上門美容', '17000', '2', '70.00', b'0', null, null), ('17002', '上門美甲', '17000', '2', '70.00', b'0', null, null), ('17003', '上門化妝', '17000', '2', '70.00', b'0', null, null), ('17004', '其他', '17000', '2', '70.00', b'0', null, null), ('18000', '智能家居', '0', '1', '0.00', b'0', null, null), ('18001', '智能家庭系統', '18000', '2', '80.00', b'0', null, null), ('18002', '節能工程', '18000', '2', '80.00', b'0', null, null), ('18003', '防盜警報', '18000', '2', '80.00', b'0', null, null), ('18004', '遙距監控', '18000', '2', '80.00', b'0', null, null), ('18005', '其他', '18000', '2', '80.00', b'0', null, null), ('19000', '滅蟲服務', '0', '1', '0.00', b'0', null, null), ('19001', '白蟻防治', '19000', '2', '90.00', b'0', null, null), ('19002', '蟑螂防治', '19000', '2', '90.00', b'0', null, null), ('19003', '鼠類防治', '19000', '2', '90.00', b'0', null, null), ('19004', '除蟲除暪', '19000', '2', '90.00', b'0', null, null), ('19005', '其他', '19000', '2', '90.00', b'0', null, null), ('20000', '迷你倉', '0', '1', '0.00', b'0', null, null), ('20001', '文件', '20000', '2', '10.00', b'0', null, null), ('20002', '運動器材', '20000', '2', '10.00', b'0', null, null), ('20003', '紅酒', '20000', '2', '10.00', b'0', null, null), ('20004', '一般', '20000', '2', '10.00', b'0', null, null), ('20005', '其他', '20000', '2', '10.00', b'0', null, null), ('21000', '推拿按摩', '0', '1', '0.00', b'0', null, null), ('21001', '中醫推拿', '21000', '2', '20.00', b'0', null, null), ('21002', '泰式按摩', '21000', '2', '20.00', b'0', null, null), ('21003', '足底按摩', '21000', '2', '20.00', b'0', null, null), ('21004', '香薰推油', '21000', '2', '20.00', b'0', null, null), ('21005', '其他', '21000', '2', '20.00', b'0', null, null), ('22000', '家教補習', '0', '1', '0.00', b'0', null, null), ('22001', '小學', '22000', '2', '30.00', b'0', null, null), ('22002', '中學', '22000', '2', '30.00', b'0', null, null), ('22003', '專業外語', '22000', '2', '30.00', b'0', null, null), ('22004', '樂理樂器', '22000', '2', '30.00', b'0', null, null), ('22005', '體育運動', '22000', '2', '30.00', b'0', null, null), ('22006', '其他', '22000', '2', '30.00', b'0', null, null);
COMMIT;

SET FOREIGN_KEY_CHECKS = 1;
